[0m17:03:09.556944 [debug] [MainThread]: Sending event: {'category': 'dbt', 'action': 'invocation', 'label': 'start', 'context': [<snowplow_tracker.self_describing_json.SelfDescribingJson object at 0x10c5470e0>, <snowplow_tracker.self_describing_json.SelfDescribingJson object at 0x10dabb4d0>, <snowplow_tracker.self_describing_json.SelfDescribingJson object at 0x10dabb610>]}


============================== 17:03:09.559909 | f9de6a3b-173d-45a7-a0ce-180c3fd7b6e9 ==============================
[0m17:03:09.559909 [info ] [MainThread]: Running with dbt=1.11.7
[0m17:03:09.560170 [debug] [MainThread]: running dbt with arguments {'invocation_command': 'dbt init --skip-profile-setup airbnb', 'no_print': 'None', 'quiet': 'False', 'use_experimental_parser': 'False', 'warn_error_options': 'WarnErrorOptionsV2(error=[], warn=[], silence=[])', 'printer_width': '80', 'introspect': 'True', 'profiles_dir': '/Users/arrakis/.dbt', 'log_path': 'logs', 'log_cache_events': 'False', 'target_path': 'None', 'warn_error': 'None', 'send_anonymous_usage_stats': 'True', 'debug': 'False', 'indirect_selection': 'eager', 'cache_selected_only': 'False', 'empty': 'None', 'fail_fast': 'False', 'use_colors': 'True', 'version_check': 'True', 'log_format': 'default', 'static_parser': 'True', 'write_json': 'True', 'partial_parse': 'True'}
[0m17:03:09.835386 [info ] [MainThread]: Creating dbt configuration folder at /Users/arrakis/.dbt
[0m17:03:09.840561 [debug] [MainThread]: Starter project path: /Users/arrakis/Documents/Courses/ae_dbt/course/.venv/lib/python3.13/site-packages/dbt/include/starter_project
[0m17:03:09.871337 [info ] [MainThread]: 
Your new dbt project "airbnb" was created!

For more information on how to configure the profiles.yml file,
please consult the dbt documentation here:

  https://docs.getdbt.com/docs/configure-your-profile

One more thing:

Need help? Don't hesitate to reach out to us via GitHub issues or on Slack:

  https://community.getdbt.com/

Happy modeling!

[0m17:03:09.871966 [debug] [MainThread]: Resource report: {"command_name": "init", "command_success": true, "command_wall_clock_time": 0.3695488, "process_in_blocks": "0", "process_kernel_time": 0.196862, "process_mem_max_rss": "118013952", "process_out_blocks": "0", "process_user_time": 0.575742}
[0m17:03:09.872266 [debug] [MainThread]: Command `dbt init` succeeded at 17:03:09.872200 after 0.37 seconds
[0m17:03:09.872465 [debug] [MainThread]: Sending event: {'category': 'dbt', 'action': 'invocation', 'label': 'end', 'context': [<snowplow_tracker.self_describing_json.SelfDescribingJson object at 0x10daf2780>, <snowplow_tracker.self_describing_json.SelfDescribingJson object at 0x10dc5c830>, <snowplow_tracker.self_describing_json.SelfDescribingJson object at 0x10db98380>]}
[0m17:03:09.872662 [debug] [MainThread]: Flushing usage events
[0m17:03:10.031103 [debug] [MainThread]: An error was encountered while trying to flush usage events
[0m17:08:34.170290 [debug] [MainThread]: Sending event: {'category': 'dbt', 'action': 'invocation', 'label': 'start', 'context': [<snowplow_tracker.self_describing_json.SelfDescribingJson object at 0x10c3230e0>, <snowplow_tracker.self_describing_json.SelfDescribingJson object at 0x10d8974d0>, <snowplow_tracker.self_describing_json.SelfDescribingJson object at 0x10d897610>]}


============================== 17:08:34.173263 | 110d355e-51bf-4fe2-a05b-01f993c9fc76 ==============================
[0m17:08:34.173263 [info ] [MainThread]: Running with dbt=1.11.7
[0m17:08:34.173538 [debug] [MainThread]: running dbt with arguments {'introspect': 'True', 'write_json': 'True', 'use_colors': 'True', 'warn_error': 'None', 'quiet': 'False', 'version_check': 'True', 'log_path': 'logs', 'printer_width': '80', 'indirect_selection': 'eager', 'partial_parse': 'True', 'log_cache_events': 'False', 'no_print': 'None', 'cache_selected_only': 'False', 'use_experimental_parser': 'False', 'invocation_command': 'dbt debug', 'send_anonymous_usage_stats': 'True', 'empty': 'None', 'profiles_dir': '/Users/arrakis/.dbt', 'warn_error_options': 'WarnErrorOptionsV2(error=[], warn=[], silence=[])', 'static_parser': 'True', 'log_format': 'default', 'fail_fast': 'False', 'target_path': 'None', 'debug': 'False'}
[0m17:08:34.211415 [info ] [MainThread]: dbt version: 1.11.7
[0m17:08:34.211635 [info ] [MainThread]: python version: 3.13.5
[0m17:08:34.211753 [info ] [MainThread]: python path: /Users/arrakis/Documents/Courses/ae_dbt/course/.venv/bin/python
[0m17:08:34.211862 [info ] [MainThread]: os info: macOS-26.6.2-arm64-arm-64bit-Mach-O
[0m17:08:34.211974 [info ] [MainThread]: Using profiles dir at /Users/arrakis/.dbt
[0m17:08:34.212073 [info ] [MainThread]: Using profiles.yml file at /Users/arrakis/.dbt/profiles.yml
[0m17:08:34.212170 [info ] [MainThread]: Using dbt_project.yml file at /Users/arrakis/Documents/Courses/ae_dbt/course/dbt_project.yml
[0m17:08:34.212278 [info ] [MainThread]: Configuration:
[0m17:08:34.212376 [info ] [MainThread]:   profiles.yml file [[31mERROR not found[0m]
[0m17:08:34.212470 [info ] [MainThread]:   dbt_project.yml file [[31mERROR not found[0m]
[0m17:08:34.212562 [info ] [MainThread]: Required dependencies:
[0m17:08:34.212704 [debug] [MainThread]: Executing "git --help"
[0m17:08:34.227419 [debug] [MainThread]: STDOUT: "b"usage: git [-v | --version] [-h | --help] [-C <path>] [-c <name>=<value>]\n           [--exec-path[=<path>]] [--html-path] [--man-path] [--info-path]\n           [-p | --paginate | -P | --no-pager] [--no-replace-objects] [--no-lazy-fetch]\n           [--no-optional-locks] [--no-advice] [--bare] [--git-dir=<path>]\n           [--work-tree=<path>] [--namespace=<name>] [--config-env=<name>=<envvar>]\n           <command> [<args>]\n\nThese are common Git commands used in various situations:\n\nstart a working area (see also: git help tutorial)\n   clone      Clone a repository into a new directory\n   init       Create an empty Git repository or reinitialize an existing one\n\nwork on the current change (see also: git help everyday)\n   add        Add file contents to the index\n   mv         Move or rename a file, a directory, or a symlink\n   restore    Restore working tree files\n   rm         Remove files from the working tree and from the index\n\nexamine the history and state (see also: git help revisions)\n   bisect     Use binary search to find the commit that introduced a bug\n   diff       Show changes between commits, commit and working tree, etc\n   grep       Print lines matching a pattern\n   log        Show commit logs\n   show       Show various types of objects\n   status     Show the working tree status\n\ngrow, mark and tweak your common history\n   backfill   Download missing objects in a partial clone\n   branch     List, create, or delete branches\n   commit     Record changes to the repository\n   history    EXPERIMENTAL: Rewrite history\n   merge      Join two or more development histories together\n   rebase     Reapply commits on top of another base tip\n   reset      Set `HEAD` or the index to a known state\n   switch     Switch branches\n   tag        Create, list, delete or verify tags\n\ncollaborate (see also: git help workflows)\n   fetch      Download objects and refs from another repository\n   pull       Fetch from and integrate with another repository or a local branch\n   push       Update remote refs along with associated objects\n\n'git help -a' and 'git help -g' list available subcommands and some\nconcept guides. See 'git help <command>' or 'git help <concept>'\nto read about a specific subcommand or concept.\nSee 'git help git' for an overview of the system.\n""
[0m17:08:34.227891 [debug] [MainThread]: STDERR: "b''"
[0m17:08:34.228024 [info ] [MainThread]:  - git [[32mOK found[0m]

[0m17:08:34.228155 [info ] [MainThread]: Connection test skipped since no profile was found
[0m17:08:34.228365 [info ] [MainThread]: [31m2 checks failed:[0m
[0m17:08:34.228476 [info ] [MainThread]: dbt looked for a profiles.yml file in /Users/arrakis/.dbt/profiles.yml, but did
not find one. For more information on configuring your profile, consult the
documentation:

https://docs.getdbt.com/docs/configure-your-profile


[0m17:08:34.228596 [info ] [MainThread]: Project loading failed for the following reason:
 project path </Users/arrakis/Documents/Courses/ae_dbt/course/dbt_project.yml> not found

[0m17:08:34.228966 [debug] [MainThread]: Resource report: {"command_name": "debug", "command_success": false, "command_wall_clock_time": 0.11101908, "process_in_blocks": "0", "process_kernel_time": 0.1797, "process_mem_max_rss": "115965952", "process_out_blocks": "0", "process_user_time": 0.581104}
[0m17:08:34.229214 [debug] [MainThread]: Command `dbt debug` failed at 17:08:34.229165 after 0.11 seconds
[0m17:08:34.229487 [debug] [MainThread]: Sending event: {'category': 'dbt', 'action': 'invocation', 'label': 'end', 'context': [<snowplow_tracker.self_describing_json.SelfDescribingJson object at 0x10d8cde00>, <snowplow_tracker.self_describing_json.SelfDescribingJson object at 0x10d733e30>, <snowplow_tracker.self_describing_json.SelfDescribingJson object at 0x10d971040>]}
[0m17:08:34.229663 [debug] [MainThread]: Flushing usage events
[0m17:08:34.359901 [debug] [MainThread]: An error was encountered while trying to flush usage events
[0m17:10:50.281535 [debug] [MainThread]: Sending event: {'category': 'dbt', 'action': 'invocation', 'label': 'start', 'context': [<snowplow_tracker.self_describing_json.SelfDescribingJson object at 0x10ad230e0>, <snowplow_tracker.self_describing_json.SelfDescribingJson object at 0x10c2974d0>, <snowplow_tracker.self_describing_json.SelfDescribingJson object at 0x10c297610>]}


============================== 17:10:50.284353 | 6cf900e5-09df-42f9-b87d-87b3a95bb888 ==============================
[0m17:10:50.284353 [info ] [MainThread]: Running with dbt=1.11.7
[0m17:10:50.284612 [debug] [MainThread]: running dbt with arguments {'printer_width': '80', 'static_parser': 'True', 'no_print': 'None', 'quiet': 'False', 'cache_selected_only': 'False', 'empty': 'None', 'log_format': 'default', 'debug': 'False', 'indirect_selection': 'eager', 'warn_error_options': 'WarnErrorOptionsV2(error=[], warn=[], silence=[])', 'partial_parse': 'True', 'version_check': 'True', 'log_cache_events': 'False', 'use_experimental_parser': 'False', 'introspect': 'True', 'profiles_dir': '/Users/arrakis/.dbt', 'log_path': '/Users/arrakis/Documents/Courses/ae_dbt/course/logs', 'send_anonymous_usage_stats': 'True', 'write_json': 'True', 'use_colors': 'True', 'fail_fast': 'False', 'warn_error': 'None', 'invocation_command': 'dbt debug', 'target_path': 'None'}
[0m17:10:50.297542 [info ] [MainThread]: dbt version: 1.11.7
[0m17:10:50.297758 [info ] [MainThread]: python version: 3.13.5
[0m17:10:50.297875 [info ] [MainThread]: python path: /Users/arrakis/Documents/Courses/ae_dbt/course/.venv/bin/python
[0m17:10:50.297979 [info ] [MainThread]: os info: macOS-26.6.2-arm64-arm-64bit-Mach-O
[0m17:10:50.298102 [info ] [MainThread]: Using profiles dir at /Users/arrakis/.dbt
[0m17:10:50.298197 [info ] [MainThread]: Using profiles.yml file at /Users/arrakis/.dbt/profiles.yml
[0m17:10:50.298291 [info ] [MainThread]: Using dbt_project.yml file at /Users/arrakis/Documents/Courses/ae_dbt/course/dbt_project.yml
[0m17:10:50.344194 [info ] [MainThread]: Configuration:
[0m17:10:50.344465 [info ] [MainThread]:   profiles.yml file [[31mERROR not found[0m]
[0m17:10:50.344592 [info ] [MainThread]:   dbt_project.yml file [[32mOK found and valid[0m]
[0m17:10:50.344708 [info ] [MainThread]: Required dependencies:
[0m17:10:50.344905 [debug] [MainThread]: Executing "git --help"
[0m17:10:50.358712 [debug] [MainThread]: STDOUT: "b"usage: git [-v | --version] [-h | --help] [-C <path>] [-c <name>=<value>]\n           [--exec-path[=<path>]] [--html-path] [--man-path] [--info-path]\n           [-p | --paginate | -P | --no-pager] [--no-replace-objects] [--no-lazy-fetch]\n           [--no-optional-locks] [--no-advice] [--bare] [--git-dir=<path>]\n           [--work-tree=<path>] [--namespace=<name>] [--config-env=<name>=<envvar>]\n           <command> [<args>]\n\nThese are common Git commands used in various situations:\n\nstart a working area (see also: git help tutorial)\n   clone      Clone a repository into a new directory\n   init       Create an empty Git repository or reinitialize an existing one\n\nwork on the current change (see also: git help everyday)\n   add        Add file contents to the index\n   mv         Move or rename a file, a directory, or a symlink\n   restore    Restore working tree files\n   rm         Remove files from the working tree and from the index\n\nexamine the history and state (see also: git help revisions)\n   bisect     Use binary search to find the commit that introduced a bug\n   diff       Show changes between commits, commit and working tree, etc\n   grep       Print lines matching a pattern\n   log        Show commit logs\n   show       Show various types of objects\n   status     Show the working tree status\n\ngrow, mark and tweak your common history\n   backfill   Download missing objects in a partial clone\n   branch     List, create, or delete branches\n   commit     Record changes to the repository\n   history    EXPERIMENTAL: Rewrite history\n   merge      Join two or more development histories together\n   rebase     Reapply commits on top of another base tip\n   reset      Set `HEAD` or the index to a known state\n   switch     Switch branches\n   tag        Create, list, delete or verify tags\n\ncollaborate (see also: git help workflows)\n   fetch      Download objects and refs from another repository\n   pull       Fetch from and integrate with another repository or a local branch\n   push       Update remote refs along with associated objects\n\n'git help -a' and 'git help -g' list available subcommands and some\nconcept guides. See 'git help <command>' or 'git help <concept>'\nto read about a specific subcommand or concept.\nSee 'git help git' for an overview of the system.\n""
[0m17:10:50.359081 [debug] [MainThread]: STDERR: "b''"
[0m17:10:50.359206 [info ] [MainThread]:  - git [[32mOK found[0m]

[0m17:10:50.359354 [info ] [MainThread]: Connection test skipped since no profile was found
[0m17:10:50.359473 [info ] [MainThread]: [31m1 check failed:[0m
[0m17:10:50.359579 [info ] [MainThread]: dbt looked for a profiles.yml file in /Users/arrakis/.dbt/profiles.yml, but did
not find one. For more information on configuring your profile, consult the
documentation:

https://docs.getdbt.com/docs/configure-your-profile


[0m17:10:50.359954 [debug] [MainThread]: Resource report: {"command_name": "debug", "command_success": false, "command_wall_clock_time": 0.12702121, "process_in_blocks": "0", "process_kernel_time": 0.169306, "process_mem_max_rss": "119029760", "process_out_blocks": "0", "process_user_time": 0.587763}
[0m17:10:50.360190 [debug] [MainThread]: Command `dbt debug` failed at 17:10:50.360149 after 0.13 seconds
[0m17:10:50.360391 [debug] [MainThread]: Sending event: {'category': 'dbt', 'action': 'invocation', 'label': 'end', 'context': [<snowplow_tracker.self_describing_json.SelfDescribingJson object at 0x10b5c4770>, <snowplow_tracker.self_describing_json.SelfDescribingJson object at 0x10c44f9b0>, <snowplow_tracker.self_describing_json.SelfDescribingJson object at 0x10c407ce0>]}
[0m17:10:50.360592 [debug] [MainThread]: Flushing usage events
[0m17:10:50.496849 [debug] [MainThread]: An error was encountered while trying to flush usage events
[0m17:12:18.318556 [debug] [MainThread]: Sending event: {'category': 'dbt', 'action': 'invocation', 'label': 'start', 'context': [<snowplow_tracker.self_describing_json.SelfDescribingJson object at 0x10accf0e0>, <snowplow_tracker.self_describing_json.SelfDescribingJson object at 0x10c2434d0>, <snowplow_tracker.self_describing_json.SelfDescribingJson object at 0x10c243610>]}


============================== 17:12:18.321324 | 96cccd7b-9b7c-4c9b-8f7b-5aafed83c97f ==============================
[0m17:12:18.321324 [info ] [MainThread]: Running with dbt=1.11.7
[0m17:12:18.321600 [debug] [MainThread]: running dbt with arguments {'static_parser': 'True', 'write_json': 'True', 'indirect_selection': 'eager', 'send_anonymous_usage_stats': 'True', 'use_experimental_parser': 'False', 'warn_error_options': 'WarnErrorOptionsV2(error=[], warn=[], silence=[])', 'quiet': 'False', 'warn_error': 'None', 'target_path': 'None', 'no_print': 'None', 'partial_parse': 'True', 'empty': 'None', 'printer_width': '80', 'version_check': 'True', 'profiles_dir': '/Users/arrakis/.dbt', 'log_path': '/Users/arrakis/Documents/Courses/ae_dbt/course/logs', 'debug': 'False', 'log_cache_events': 'False', 'fail_fast': 'False', 'cache_selected_only': 'False', 'use_colors': 'True', 'log_format': 'default', 'invocation_command': 'dbt debug', 'introspect': 'True'}
[0m17:12:18.333211 [info ] [MainThread]: dbt version: 1.11.7
[0m17:12:18.333432 [info ] [MainThread]: python version: 3.13.5
[0m17:12:18.333557 [info ] [MainThread]: python path: /Users/arrakis/Documents/Courses/ae_dbt/course/.venv/bin/python
[0m17:12:18.333690 [info ] [MainThread]: os info: macOS-26.6.2-arm64-arm-64bit-Mach-O
[0m17:12:18.676582 [debug] [MainThread]: Snowflake adapter: Setting snowflake.connector to ERROR (file logging only)
[0m17:12:18.676826 [debug] [MainThread]: Snowflake adapter: Setting botocore to ERROR (file logging only)
[0m17:12:18.676955 [debug] [MainThread]: Snowflake adapter: Setting boto3 to ERROR (file logging only)
[0m17:12:18.709552 [info ] [MainThread]: Using profiles dir at /Users/arrakis/.dbt
[0m17:12:18.709760 [info ] [MainThread]: Using profiles.yml file at /Users/arrakis/.dbt/profiles.yml
[0m17:12:18.709892 [info ] [MainThread]: Using dbt_project.yml file at /Users/arrakis/Documents/Courses/ae_dbt/course/dbt_project.yml
[0m17:12:18.710510 [info ] [MainThread]: adapter type: snowflake
[0m17:12:18.710625 [info ] [MainThread]: adapter version: 1.11.3
[0m17:12:18.755030 [info ] [MainThread]: Configuration:
[0m17:12:18.755279 [info ] [MainThread]:   profiles.yml file [[32mOK found and valid[0m]
[0m17:12:18.755410 [info ] [MainThread]:   dbt_project.yml file [[32mOK found and valid[0m]
[0m17:12:18.755526 [info ] [MainThread]: Required dependencies:
[0m17:12:18.756066 [debug] [MainThread]: Executing "git --help"
[0m17:12:18.776020 [debug] [MainThread]: STDOUT: "b"usage: git [-v | --version] [-h | --help] [-C <path>] [-c <name>=<value>]\n           [--exec-path[=<path>]] [--html-path] [--man-path] [--info-path]\n           [-p | --paginate | -P | --no-pager] [--no-replace-objects] [--no-lazy-fetch]\n           [--no-optional-locks] [--no-advice] [--bare] [--git-dir=<path>]\n           [--work-tree=<path>] [--namespace=<name>] [--config-env=<name>=<envvar>]\n           <command> [<args>]\n\nThese are common Git commands used in various situations:\n\nstart a working area (see also: git help tutorial)\n   clone      Clone a repository into a new directory\n   init       Create an empty Git repository or reinitialize an existing one\n\nwork on the current change (see also: git help everyday)\n   add        Add file contents to the index\n   mv         Move or rename a file, a directory, or a symlink\n   restore    Restore working tree files\n   rm         Remove files from the working tree and from the index\n\nexamine the history and state (see also: git help revisions)\n   bisect     Use binary search to find the commit that introduced a bug\n   diff       Show changes between commits, commit and working tree, etc\n   grep       Print lines matching a pattern\n   log        Show commit logs\n   show       Show various types of objects\n   status     Show the working tree status\n\ngrow, mark and tweak your common history\n   backfill   Download missing objects in a partial clone\n   branch     List, create, or delete branches\n   commit     Record changes to the repository\n   history    EXPERIMENTAL: Rewrite history\n   merge      Join two or more development histories together\n   rebase     Reapply commits on top of another base tip\n   reset      Set `HEAD` or the index to a known state\n   switch     Switch branches\n   tag        Create, list, delete or verify tags\n\ncollaborate (see also: git help workflows)\n   fetch      Download objects and refs from another repository\n   pull       Fetch from and integrate with another repository or a local branch\n   push       Update remote refs along with associated objects\n\n'git help -a' and 'git help -g' list available subcommands and some\nconcept guides. See 'git help <command>' or 'git help <concept>'\nto read about a specific subcommand or concept.\nSee 'git help git' for an overview of the system.\n""
[0m17:12:18.776426 [debug] [MainThread]: STDERR: "b''"
[0m17:12:18.776583 [info ] [MainThread]:  - git [[32mOK found[0m]

[0m17:12:18.776703 [info ] [MainThread]: Connection:
[0m17:12:18.776838 [info ] [MainThread]:   account: gnteocg-ub52101
[0m17:12:18.776946 [info ] [MainThread]:   user: dbt
[0m17:12:18.777042 [info ] [MainThread]:   database: AIRBNB
[0m17:12:18.777141 [info ] [MainThread]:   warehouse: COMPUTE_WH
[0m17:12:18.777232 [info ] [MainThread]:   role: TRANSFORM
[0m17:12:18.777326 [info ] [MainThread]:   schema: DEV
[0m17:12:18.777417 [info ] [MainThread]:   authenticator: None
[0m17:12:18.777507 [info ] [MainThread]:   oauth_client_id: None
[0m17:12:18.777596 [info ] [MainThread]:   query_tag: None
[0m17:12:18.777706 [info ] [MainThread]:   client_session_keep_alive: False
[0m17:12:18.777799 [info ] [MainThread]:   host: None
[0m17:12:18.777891 [info ] [MainThread]:   port: None
[0m17:12:18.777981 [info ] [MainThread]:   proxy_host: None
[0m17:12:18.778070 [info ] [MainThread]:   proxy_port: None
[0m17:12:18.778161 [info ] [MainThread]:   protocol: None
[0m17:12:18.778247 [info ] [MainThread]:   connect_retries: 1
[0m17:12:18.778336 [info ] [MainThread]:   connect_timeout: None
[0m17:12:18.778423 [info ] [MainThread]:   retry_on_database_errors: False
[0m17:12:18.778513 [info ] [MainThread]:   retry_all: False
[0m17:12:18.778601 [info ] [MainThread]:   insecure_mode: False
[0m17:12:18.778692 [info ] [MainThread]:   reuse_connections: True
[0m17:12:18.778783 [info ] [MainThread]:   s3_stage_vpce_dns_name: None
[0m17:12:18.778874 [info ] [MainThread]:   platform_detection_timeout_seconds: 0.0
[0m17:12:18.779162 [info ] [MainThread]: Registered adapter: snowflake=1.11.3
[0m17:12:18.907624 [debug] [MainThread]: Acquiring new snowflake connection 'debug'
[0m17:12:20.390002 [debug] [MainThread]: Using snowflake connection "debug"
[0m17:12:20.390722 [debug] [MainThread]: On debug: select 1 as id
[0m17:12:20.391189 [debug] [MainThread]: Opening a new connection, currently in state init
[0m17:12:21.632926 [debug] [MainThread]: SQL status: SUCCESS 1 in 1.241 seconds
[0m17:12:21.636717 [info ] [MainThread]:   Connection test: [[32mOK connection ok[0m]

[0m17:12:21.637763 [info ] [MainThread]: [32mAll checks passed![0m
[0m17:12:21.638744 [debug] [MainThread]: Resource report: {"command_name": "debug", "command_success": true, "command_wall_clock_time": 3.370582, "process_in_blocks": "0", "process_kernel_time": 0.459863, "process_mem_max_rss": "176914432", "process_out_blocks": "0", "process_user_time": 1.176751}
[0m17:12:21.639413 [debug] [MainThread]: Command `dbt debug` succeeded at 17:12:21.639279 after 3.37 seconds
[0m17:12:21.640089 [debug] [MainThread]: Connection 'debug' was left open.
[0m17:12:21.640532 [debug] [MainThread]: On debug: Close
[0m17:12:21.720691 [debug] [MainThread]: Sending event: {'category': 'dbt', 'action': 'invocation', 'label': 'end', 'context': [<snowplow_tracker.self_describing_json.SelfDescribingJson object at 0x10d63a8b0>, <snowplow_tracker.self_describing_json.SelfDescribingJson object at 0x10d3f5910>, <snowplow_tracker.self_describing_json.SelfDescribingJson object at 0x10d2b67a0>]}
[0m17:12:21.721934 [debug] [MainThread]: Flushing usage events
[0m17:12:21.869907 [debug] [MainThread]: An error was encountered while trying to flush usage events
[0m18:38:20.155459 [debug] [MainThread]: Sending event: {'category': 'dbt', 'action': 'invocation', 'label': 'start', 'context': [<snowplow_tracker.self_describing_json.SelfDescribingJson object at 0x108b070e0>, <snowplow_tracker.self_describing_json.SelfDescribingJson object at 0x10a07f4d0>, <snowplow_tracker.self_describing_json.SelfDescribingJson object at 0x10a07f610>]}


============================== 18:38:20.168456 | 6d3f72e5-204d-4006-9173-d8cfa431a547 ==============================
[0m18:38:20.168456 [info ] [MainThread]: Running with dbt=1.11.7
[0m18:38:20.168962 [debug] [MainThread]: running dbt with arguments {'empty': 'False', 'use_experimental_parser': 'False', 'cache_selected_only': 'False', 'static_parser': 'True', 'partial_parse': 'True', 'no_print': 'None', 'use_colors': 'True', 'send_anonymous_usage_stats': 'True', 'warn_error_options': 'WarnErrorOptionsV2(error=[], warn=[], silence=[])', 'target_path': 'None', 'indirect_selection': 'eager', 'write_json': 'True', 'version_check': 'True', 'warn_error': 'None', 'introspect': 'True', 'log_path': '/Users/arrakis/Documents/Courses/ae_dbt/course/logs', 'printer_width': '80', 'log_format': 'default', 'log_cache_events': 'False', 'debug': 'False', 'quiet': 'False', 'invocation_command': 'dbt run', 'fail_fast': 'False', 'profiles_dir': '/Users/arrakis/.dbt'}
[0m18:38:23.061757 [debug] [MainThread]: Snowflake adapter: Setting snowflake.connector to ERROR (file logging only)
[0m18:38:23.063238 [debug] [MainThread]: Snowflake adapter: Setting botocore to ERROR (file logging only)
[0m18:38:23.064219 [debug] [MainThread]: Snowflake adapter: Setting boto3 to ERROR (file logging only)
[0m18:38:23.354386 [debug] [MainThread]: Sending event: {'category': 'dbt', 'action': 'project_id', 'label': '6d3f72e5-204d-4006-9173-d8cfa431a547', 'context': [<snowplow_tracker.self_describing_json.SelfDescribingJson object at 0x1093a8770>]}
[0m18:38:23.381949 [debug] [MainThread]: Sending event: {'category': 'dbt', 'action': 'adapter_info', 'label': '6d3f72e5-204d-4006-9173-d8cfa431a547', 'context': [<snowplow_tracker.self_describing_json.SelfDescribingJson object at 0x10afa29c0>]}
[0m18:38:23.391572 [info ] [MainThread]: Registered adapter: snowflake=1.11.3
[0m18:38:23.512520 [debug] [MainThread]: checksum: b80718358155fc17c3559352095564dd56ada1cc1a1c0ef2e62c857e71583775, vars: {}, profile: , target: , version: 1.11.7
[0m18:38:23.513135 [info ] [MainThread]: Unable to do partial parsing because saved manifest not found. Starting full parse.
[0m18:38:23.513346 [debug] [MainThread]: Sending event: {'category': 'dbt', 'action': 'partial_parser', 'label': '6d3f72e5-204d-4006-9173-d8cfa431a547', 'context': [<snowplow_tracker.self_describing_json.SelfDescribingJson object at 0x10adfe750>]}
[0m18:38:24.450024 [warn ] [MainThread]: [[33mWARNING[0m]: Configuration paths exist in your dbt_project.yml file which do not apply to any resources.
There are 1 unused configuration paths:
- models.airbnb.example
[0m18:38:24.451953 [debug] [MainThread]: Sending event: {'category': 'dbt', 'action': 'load_project', 'label': '6d3f72e5-204d-4006-9173-d8cfa431a547', 'context': [<snowplow_tracker.self_describing_json.SelfDescribingJson object at 0x10b30a6c0>]}
[0m18:38:24.470017 [debug] [MainThread]: Wrote artifact WritableManifest to /Users/arrakis/Documents/Courses/ae_dbt/course/target/manifest.json
[0m18:38:24.483098 [debug] [MainThread]: Wrote artifact SemanticManifest to /Users/arrakis/Documents/Courses/ae_dbt/course/target/semantic_manifest.json
[0m18:38:24.606392 [debug] [MainThread]: Sending event: {'category': 'dbt', 'action': 'resource_counts', 'label': '6d3f72e5-204d-4006-9173-d8cfa431a547', 'context': [<snowplow_tracker.self_describing_json.SelfDescribingJson object at 0x10b44a270>]}
[0m18:38:24.606701 [info ] [MainThread]: Found 522 macros
[0m18:38:24.606900 [debug] [MainThread]: Sending event: {'category': 'dbt', 'action': 'runnable_timing', 'label': '6d3f72e5-204d-4006-9173-d8cfa431a547', 'context': [<snowplow_tracker.self_describing_json.SelfDescribingJson object at 0x10b39bee0>]}
[0m18:38:24.607748 [warn ] [MainThread]: Nothing to do. Try checking your model configs and model specification args
[0m18:38:24.608062 [debug] [MainThread]: Command end result
[0m18:38:24.619188 [debug] [MainThread]: Wrote artifact WritableManifest to /Users/arrakis/Documents/Courses/ae_dbt/course/target/manifest.json
[0m18:38:24.620561 [debug] [MainThread]: Wrote artifact SemanticManifest to /Users/arrakis/Documents/Courses/ae_dbt/course/target/semantic_manifest.json
[0m18:38:24.622685 [debug] [MainThread]: Wrote artifact RunExecutionResult to /Users/arrakis/Documents/Courses/ae_dbt/course/target/run_results.json
[0m18:38:24.623012 [debug] [MainThread]: Resource report: {"command_name": "run", "command_success": true, "command_wall_clock_time": 4.6377063, "process_in_blocks": "0", "process_kernel_time": 1.174301, "process_mem_max_rss": "157204480", "process_out_blocks": "0", "process_user_time": 2.496477}
[0m18:38:24.623282 [debug] [MainThread]: Command `dbt run` succeeded at 18:38:24.623235 after 4.64 seconds
[0m18:38:24.623462 [debug] [MainThread]: Sending event: {'category': 'dbt', 'action': 'invocation', 'label': 'end', 'context': [<snowplow_tracker.self_describing_json.SelfDescribingJson object at 0x10a0c0dd0>, <snowplow_tracker.self_describing_json.SelfDescribingJson object at 0x10b3ffa10>, <snowplow_tracker.self_describing_json.SelfDescribingJson object at 0x10b3ffe30>]}
[0m18:38:24.623623 [debug] [MainThread]: Flushing usage events
[0m18:38:24.971417 [debug] [MainThread]: An error was encountered while trying to flush usage events
[0m18:40:33.804430 [debug] [MainThread]: Sending event: {'category': 'dbt', 'action': 'invocation', 'label': 'start', 'context': [<snowplow_tracker.self_describing_json.SelfDescribingJson object at 0x10ac3f0e0>, <snowplow_tracker.self_describing_json.SelfDescribingJson object at 0x10c1b74d0>, <snowplow_tracker.self_describing_json.SelfDescribingJson object at 0x10c1b7610>]}


============================== 18:40:33.806962 | c83594c1-163b-4cf3-9de4-3846596288c0 ==============================
[0m18:40:33.806962 [info ] [MainThread]: Running with dbt=1.11.7
[0m18:40:33.807227 [debug] [MainThread]: running dbt with arguments {'invocation_command': 'dbt run', 'warn_error_options': 'WarnErrorOptionsV2(error=[], warn=[], silence=[])', 'log_cache_events': 'False', 'write_json': 'True', 'log_format': 'default', 'send_anonymous_usage_stats': 'True', 'empty': 'False', 'indirect_selection': 'eager', 'printer_width': '80', 'no_print': 'None', 'debug': 'False', 'profiles_dir': '/Users/arrakis/.dbt', 'log_path': '/Users/arrakis/Documents/Courses/ae_dbt/course/logs', 'quiet': 'False', 'cache_selected_only': 'False', 'partial_parse': 'True', 'use_colors': 'True', 'static_parser': 'True', 'version_check': 'True', 'fail_fast': 'False', 'introspect': 'True', 'target_path': 'None', 'warn_error': 'None', 'use_experimental_parser': 'False'}
[0m18:40:34.022870 [debug] [MainThread]: Snowflake adapter: Setting snowflake.connector to ERROR (file logging only)
[0m18:40:34.023093 [debug] [MainThread]: Snowflake adapter: Setting botocore to ERROR (file logging only)
[0m18:40:34.023214 [debug] [MainThread]: Snowflake adapter: Setting boto3 to ERROR (file logging only)
[0m18:40:34.130533 [debug] [MainThread]: Sending event: {'category': 'dbt', 'action': 'project_id', 'label': 'c83594c1-163b-4cf3-9de4-3846596288c0', 'context': [<snowplow_tracker.self_describing_json.SelfDescribingJson object at 0x10b4e0770>]}
[0m18:40:34.157840 [debug] [MainThread]: Sending event: {'category': 'dbt', 'action': 'adapter_info', 'label': 'c83594c1-163b-4cf3-9de4-3846596288c0', 'context': [<snowplow_tracker.self_describing_json.SelfDescribingJson object at 0x10d1529c0>]}
[0m18:40:34.158371 [info ] [MainThread]: Registered adapter: snowflake=1.11.3
[0m18:40:34.208501 [debug] [MainThread]: checksum: b80718358155fc17c3559352095564dd56ada1cc1a1c0ef2e62c857e71583775, vars: {}, profile: , target: , version: 1.11.7
[0m18:40:34.268006 [debug] [MainThread]: Partial parsing enabled: 0 files deleted, 0 files added, 0 files changed.
[0m18:40:34.268198 [debug] [MainThread]: Nothing changed, skipping partial parsing.
[0m18:40:34.268303 [debug] [MainThread]: Partial parsing enabled, no changes found, skipping parsing
[0m18:40:34.268546 [warn ] [MainThread]: [[33mWARNING[0m]: Configuration paths exist in your dbt_project.yml file which do not apply to any resources.
There are 1 unused configuration paths:
- models.airbnb.example
[0m18:40:34.270598 [debug] [MainThread]: Sending event: {'category': 'dbt', 'action': 'load_project', 'label': 'c83594c1-163b-4cf3-9de4-3846596288c0', 'context': [<snowplow_tracker.self_describing_json.SelfDescribingJson object at 0x10d559a50>]}
[0m18:40:34.288520 [debug] [MainThread]: Wrote artifact WritableManifest to /Users/arrakis/Documents/Courses/ae_dbt/course/target/manifest.json
[0m18:40:34.289873 [debug] [MainThread]: Wrote artifact SemanticManifest to /Users/arrakis/Documents/Courses/ae_dbt/course/target/semantic_manifest.json
[0m18:40:34.300847 [debug] [MainThread]: Sending event: {'category': 'dbt', 'action': 'resource_counts', 'label': 'c83594c1-163b-4cf3-9de4-3846596288c0', 'context': [<snowplow_tracker.self_describing_json.SelfDescribingJson object at 0x10cf9a030>]}
[0m18:40:34.301083 [info ] [MainThread]: Found 522 macros
[0m18:40:34.301218 [debug] [MainThread]: Sending event: {'category': 'dbt', 'action': 'runnable_timing', 'label': 'c83594c1-163b-4cf3-9de4-3846596288c0', 'context': [<snowplow_tracker.self_describing_json.SelfDescribingJson object at 0x10d40add0>]}
[0m18:40:34.301805 [warn ] [MainThread]: Nothing to do. Try checking your model configs and model specification args
[0m18:40:34.302568 [debug] [MainThread]: Command end result
[0m18:40:34.310095 [debug] [MainThread]: Wrote artifact WritableManifest to /Users/arrakis/Documents/Courses/ae_dbt/course/target/manifest.json
[0m18:40:34.312138 [debug] [MainThread]: Wrote artifact SemanticManifest to /Users/arrakis/Documents/Courses/ae_dbt/course/target/semantic_manifest.json
[0m18:40:34.314119 [debug] [MainThread]: Wrote artifact RunExecutionResult to /Users/arrakis/Documents/Courses/ae_dbt/course/target/run_results.json
[0m18:40:34.314436 [debug] [MainThread]: Resource report: {"command_name": "run", "command_success": true, "command_wall_clock_time": 0.563435, "process_in_blocks": "0", "process_kernel_time": 0.238588, "process_mem_max_rss": "155615232", "process_out_blocks": "0", "process_user_time": 0.825178}
[0m18:40:34.314661 [debug] [MainThread]: Command `dbt run` succeeded at 18:40:34.314624 after 0.56 seconds
[0m18:40:34.314812 [debug] [MainThread]: Sending event: {'category': 'dbt', 'action': 'invocation', 'label': 'end', 'context': [<snowplow_tracker.self_describing_json.SelfDescribingJson object at 0x10d617ee0>, <snowplow_tracker.self_describing_json.SelfDescribingJson object at 0x10c1f8dd0>, <snowplow_tracker.self_describing_json.SelfDescribingJson object at 0x10d5d1fd0>]}
[0m18:40:34.314944 [debug] [MainThread]: Flushing usage events
[0m18:40:34.475628 [debug] [MainThread]: An error was encountered while trying to flush usage events
[0m18:44:15.917571 [debug] [MainThread]: Sending event: {'category': 'dbt', 'action': 'invocation', 'label': 'start', 'context': [<snowplow_tracker.self_describing_json.SelfDescribingJson object at 0x10c1070e0>, <snowplow_tracker.self_describing_json.SelfDescribingJson object at 0x10d67f4d0>, <snowplow_tracker.self_describing_json.SelfDescribingJson object at 0x10d67f610>]}


============================== 18:44:15.920484 | 3a153f4c-5d3b-4947-a1c4-209babfc8f2e ==============================
[0m18:44:15.920484 [info ] [MainThread]: Running with dbt=1.11.7
[0m18:44:15.920765 [debug] [MainThread]: running dbt with arguments {'use_experimental_parser': 'False', 'log_path': '/Users/arrakis/Documents/Courses/ae_dbt/course/logs', 'use_colors': 'True', 'log_cache_events': 'False', 'fail_fast': 'False', 'partial_parse': 'True', 'debug': 'False', 'warn_error': 'None', 'no_print': 'None', 'static_parser': 'True', 'send_anonymous_usage_stats': 'True', 'introspect': 'True', 'version_check': 'True', 'write_json': 'True', 'indirect_selection': 'eager', 'quiet': 'False', 'cache_selected_only': 'False', 'invocation_command': 'dbt run', 'log_format': 'default', 'printer_width': '80', 'profiles_dir': '/Users/arrakis/.dbt', 'empty': 'False', 'warn_error_options': 'WarnErrorOptionsV2(error=[], warn=[], silence=[])', 'target_path': 'None'}
[0m18:44:16.228207 [debug] [MainThread]: Snowflake adapter: Setting snowflake.connector to ERROR (file logging only)
[0m18:44:16.228470 [debug] [MainThread]: Snowflake adapter: Setting botocore to ERROR (file logging only)
[0m18:44:16.228606 [debug] [MainThread]: Snowflake adapter: Setting boto3 to ERROR (file logging only)
[0m18:44:16.364481 [debug] [MainThread]: Sending event: {'category': 'dbt', 'action': 'project_id', 'label': '3a153f4c-5d3b-4947-a1c4-209babfc8f2e', 'context': [<snowplow_tracker.self_describing_json.SelfDescribingJson object at 0x10c9a8770>]}
[0m18:44:16.391839 [debug] [MainThread]: Sending event: {'category': 'dbt', 'action': 'adapter_info', 'label': '3a153f4c-5d3b-4947-a1c4-209babfc8f2e', 'context': [<snowplow_tracker.self_describing_json.SelfDescribingJson object at 0x10e61a9c0>]}
[0m18:44:16.392556 [info ] [MainThread]: Registered adapter: snowflake=1.11.3
[0m18:44:16.448306 [debug] [MainThread]: checksum: b80718358155fc17c3559352095564dd56ada1cc1a1c0ef2e62c857e71583775, vars: {}, profile: , target: , version: 1.11.7
[0m18:44:16.521761 [debug] [MainThread]: Partial parsing enabled: 0 files deleted, 0 files added, 0 files changed.
[0m18:44:16.521950 [debug] [MainThread]: Nothing changed, skipping partial parsing.
[0m18:44:16.522057 [debug] [MainThread]: Partial parsing enabled, no changes found, skipping parsing
[0m18:44:16.522304 [warn ] [MainThread]: [[33mWARNING[0m]: Configuration paths exist in your dbt_project.yml file which do not apply to any resources.
There are 1 unused configuration paths:
- models.airbnb.example
[0m18:44:16.524382 [debug] [MainThread]: Sending event: {'category': 'dbt', 'action': 'load_project', 'label': '3a153f4c-5d3b-4947-a1c4-209babfc8f2e', 'context': [<snowplow_tracker.self_describing_json.SelfDescribingJson object at 0x10ea25a50>]}
[0m18:44:16.542508 [debug] [MainThread]: Wrote artifact WritableManifest to /Users/arrakis/Documents/Courses/ae_dbt/course/target/manifest.json
[0m18:44:16.544143 [debug] [MainThread]: Wrote artifact SemanticManifest to /Users/arrakis/Documents/Courses/ae_dbt/course/target/semantic_manifest.json
[0m18:44:16.560902 [debug] [MainThread]: Sending event: {'category': 'dbt', 'action': 'resource_counts', 'label': '3a153f4c-5d3b-4947-a1c4-209babfc8f2e', 'context': [<snowplow_tracker.self_describing_json.SelfDescribingJson object at 0x10e462030>]}
[0m18:44:16.561142 [info ] [MainThread]: Found 522 macros
[0m18:44:16.561278 [debug] [MainThread]: Sending event: {'category': 'dbt', 'action': 'runnable_timing', 'label': '3a153f4c-5d3b-4947-a1c4-209babfc8f2e', 'context': [<snowplow_tracker.self_describing_json.SelfDescribingJson object at 0x10e8d2dd0>]}
[0m18:44:16.561856 [warn ] [MainThread]: Nothing to do. Try checking your model configs and model specification args
[0m18:44:16.562613 [debug] [MainThread]: Command end result
[0m18:44:16.570252 [debug] [MainThread]: Wrote artifact WritableManifest to /Users/arrakis/Documents/Courses/ae_dbt/course/target/manifest.json
[0m18:44:16.571302 [debug] [MainThread]: Wrote artifact SemanticManifest to /Users/arrakis/Documents/Courses/ae_dbt/course/target/semantic_manifest.json
[0m18:44:16.572878 [debug] [MainThread]: Wrote artifact RunExecutionResult to /Users/arrakis/Documents/Courses/ae_dbt/course/target/run_results.json
[0m18:44:16.573160 [debug] [MainThread]: Resource report: {"command_name": "run", "command_success": true, "command_wall_clock_time": 0.7095448, "process_in_blocks": "0", "process_kernel_time": 0.274979, "process_mem_max_rss": "155041792", "process_out_blocks": "0", "process_user_time": 0.810149}
[0m18:44:16.573394 [debug] [MainThread]: Command `dbt run` succeeded at 18:44:16.573358 after 0.71 seconds
[0m18:44:16.573539 [debug] [MainThread]: Sending event: {'category': 'dbt', 'action': 'invocation', 'label': 'end', 'context': [<snowplow_tracker.self_describing_json.SelfDescribingJson object at 0x10eadfee0>, <snowplow_tracker.self_describing_json.SelfDescribingJson object at 0x10d6c8d10>, <snowplow_tracker.self_describing_json.SelfDescribingJson object at 0x10ea9dfd0>]}
[0m18:44:16.573668 [debug] [MainThread]: Flushing usage events
[0m18:44:16.793113 [debug] [MainThread]: An error was encountered while trying to flush usage events
[0m18:49:47.687831 [debug] [MainThread]: Sending event: {'category': 'dbt', 'action': 'invocation', 'label': 'start', 'context': [<snowplow_tracker.self_describing_json.SelfDescribingJson object at 0x10c6870e0>, <snowplow_tracker.self_describing_json.SelfDescribingJson object at 0x10dbff4d0>, <snowplow_tracker.self_describing_json.SelfDescribingJson object at 0x10dbff610>]}


============================== 18:49:47.690642 | 68cb4aef-4b76-4bfe-9863-0d8be1f3f236 ==============================
[0m18:49:47.690642 [info ] [MainThread]: Running with dbt=1.11.7
[0m18:49:47.690910 [debug] [MainThread]: running dbt with arguments {'write_json': 'True', 'fail_fast': 'False', 'log_path': '/Users/arrakis/Documents/Courses/ae_dbt/course/logs', 'no_print': 'None', 'partial_parse': 'True', 'indirect_selection': 'eager', 'use_colors': 'True', 'empty': 'False', 'quiet': 'False', 'log_format': 'default', 'version_check': 'True', 'debug': 'False', 'send_anonymous_usage_stats': 'True', 'warn_error': 'None', 'target_path': 'None', 'invocation_command': 'dbt run', 'introspect': 'True', 'warn_error_options': 'WarnErrorOptionsV2(error=[], warn=[], silence=[])', 'log_cache_events': 'False', 'cache_selected_only': 'False', 'static_parser': 'True', 'use_experimental_parser': 'False', 'profiles_dir': '/Users/arrakis/.dbt', 'printer_width': '80'}
[0m18:49:48.011135 [debug] [MainThread]: Snowflake adapter: Setting snowflake.connector to ERROR (file logging only)
[0m18:49:48.011376 [debug] [MainThread]: Snowflake adapter: Setting botocore to ERROR (file logging only)
[0m18:49:48.011506 [debug] [MainThread]: Snowflake adapter: Setting boto3 to ERROR (file logging only)
[0m18:49:48.149152 [debug] [MainThread]: Sending event: {'category': 'dbt', 'action': 'project_id', 'label': '68cb4aef-4b76-4bfe-9863-0d8be1f3f236', 'context': [<snowplow_tracker.self_describing_json.SelfDescribingJson object at 0x10cf28770>]}
[0m18:49:48.176494 [debug] [MainThread]: Sending event: {'category': 'dbt', 'action': 'adapter_info', 'label': '68cb4aef-4b76-4bfe-9863-0d8be1f3f236', 'context': [<snowplow_tracker.self_describing_json.SelfDescribingJson object at 0x10eb9a9c0>]}
[0m18:49:48.177957 [info ] [MainThread]: Registered adapter: snowflake=1.11.3
[0m18:49:48.233164 [debug] [MainThread]: checksum: b80718358155fc17c3559352095564dd56ada1cc1a1c0ef2e62c857e71583775, vars: {}, profile: , target: , version: 1.11.7
[0m18:49:48.306397 [debug] [MainThread]: Partial parsing enabled: 0 files deleted, 0 files added, 0 files changed.
[0m18:49:48.306610 [debug] [MainThread]: Nothing changed, skipping partial parsing.
[0m18:49:48.306732 [debug] [MainThread]: Partial parsing enabled, no changes found, skipping parsing
[0m18:49:48.307013 [warn ] [MainThread]: [[33mWARNING[0m]: Configuration paths exist in your dbt_project.yml file which do not apply to any resources.
There are 1 unused configuration paths:
- models.airbnb.example
[0m18:49:48.309153 [debug] [MainThread]: Sending event: {'category': 'dbt', 'action': 'load_project', 'label': '68cb4aef-4b76-4bfe-9863-0d8be1f3f236', 'context': [<snowplow_tracker.self_describing_json.SelfDescribingJson object at 0x10efa5a50>]}
[0m18:49:48.328454 [debug] [MainThread]: Wrote artifact WritableManifest to /Users/arrakis/Documents/Courses/ae_dbt/course/target/manifest.json
[0m18:49:48.332507 [debug] [MainThread]: Wrote artifact SemanticManifest to /Users/arrakis/Documents/Courses/ae_dbt/course/target/semantic_manifest.json
[0m18:49:48.351013 [debug] [MainThread]: Sending event: {'category': 'dbt', 'action': 'resource_counts', 'label': '68cb4aef-4b76-4bfe-9863-0d8be1f3f236', 'context': [<snowplow_tracker.self_describing_json.SelfDescribingJson object at 0x10e9e2030>]}
[0m18:49:48.351231 [info ] [MainThread]: Found 522 macros
[0m18:49:48.351360 [debug] [MainThread]: Sending event: {'category': 'dbt', 'action': 'runnable_timing', 'label': '68cb4aef-4b76-4bfe-9863-0d8be1f3f236', 'context': [<snowplow_tracker.self_describing_json.SelfDescribingJson object at 0x10ee52dd0>]}
[0m18:49:48.351984 [warn ] [MainThread]: Nothing to do. Try checking your model configs and model specification args
[0m18:49:48.352803 [debug] [MainThread]: Command end result
[0m18:49:48.368322 [debug] [MainThread]: Wrote artifact WritableManifest to /Users/arrakis/Documents/Courses/ae_dbt/course/target/manifest.json
[0m18:49:48.369382 [debug] [MainThread]: Wrote artifact SemanticManifest to /Users/arrakis/Documents/Courses/ae_dbt/course/target/semantic_manifest.json
[0m18:49:48.371594 [debug] [MainThread]: Wrote artifact RunExecutionResult to /Users/arrakis/Documents/Courses/ae_dbt/course/target/run_results.json
[0m18:49:48.371941 [debug] [MainThread]: Resource report: {"command_name": "run", "command_success": true, "command_wall_clock_time": 0.74466443, "process_in_blocks": "0", "process_kernel_time": 0.284478, "process_mem_max_rss": "155140096", "process_out_blocks": "0", "process_user_time": 0.827254}
[0m18:49:48.372217 [debug] [MainThread]: Command `dbt run` succeeded at 18:49:48.372175 after 0.74 seconds
[0m18:49:48.372381 [debug] [MainThread]: Sending event: {'category': 'dbt', 'action': 'invocation', 'label': 'end', 'context': [<snowplow_tracker.self_describing_json.SelfDescribingJson object at 0x10f05fee0>, <snowplow_tracker.self_describing_json.SelfDescribingJson object at 0x10dc48d10>, <snowplow_tracker.self_describing_json.SelfDescribingJson object at 0x10f019fd0>]}
[0m18:49:48.372532 [debug] [MainThread]: Flushing usage events
[0m18:49:48.539157 [debug] [MainThread]: An error was encountered while trying to flush usage events
[0m18:50:22.807713 [debug] [MainThread]: Sending event: {'category': 'dbt', 'action': 'invocation', 'label': 'start', 'context': [<snowplow_tracker.self_describing_json.SelfDescribingJson object at 0x10ac4b0e0>, <snowplow_tracker.self_describing_json.SelfDescribingJson object at 0x10c1c34d0>, <snowplow_tracker.self_describing_json.SelfDescribingJson object at 0x10c1c3610>]}


============================== 18:50:22.810441 | b2129d03-7dae-4bc7-87a4-72cb0e0d1444 ==============================
[0m18:50:22.810441 [info ] [MainThread]: Running with dbt=1.11.7
[0m18:50:22.810703 [debug] [MainThread]: running dbt with arguments {'log_cache_events': 'False', 'send_anonymous_usage_stats': 'True', 'invocation_command': 'dbt run', 'fail_fast': 'False', 'debug': 'False', 'printer_width': '80', 'no_print': 'None', 'log_path': '/Users/arrakis/Documents/Courses/ae_dbt/course/logs', 'profiles_dir': '/Users/arrakis/.dbt', 'indirect_selection': 'eager', 'use_colors': 'True', 'warn_error': 'None', 'write_json': 'True', 'version_check': 'True', 'static_parser': 'True', 'warn_error_options': 'WarnErrorOptionsV2(error=[], warn=[], silence=[])', 'partial_parse': 'True', 'use_experimental_parser': 'False', 'target_path': 'None', 'log_format': 'default', 'quiet': 'False', 'cache_selected_only': 'False', 'introspect': 'True', 'empty': 'False'}
[0m18:50:23.085218 [debug] [MainThread]: Snowflake adapter: Setting snowflake.connector to ERROR (file logging only)
[0m18:50:23.085465 [debug] [MainThread]: Snowflake adapter: Setting botocore to ERROR (file logging only)
[0m18:50:23.085595 [debug] [MainThread]: Snowflake adapter: Setting boto3 to ERROR (file logging only)
[0m18:50:23.196742 [debug] [MainThread]: Sending event: {'category': 'dbt', 'action': 'project_id', 'label': 'b2129d03-7dae-4bc7-87a4-72cb0e0d1444', 'context': [<snowplow_tracker.self_describing_json.SelfDescribingJson object at 0x10b4ec770>]}
[0m18:50:23.224128 [debug] [MainThread]: Sending event: {'category': 'dbt', 'action': 'adapter_info', 'label': 'b2129d03-7dae-4bc7-87a4-72cb0e0d1444', 'context': [<snowplow_tracker.self_describing_json.SelfDescribingJson object at 0x10d15e9c0>]}
[0m18:50:23.224727 [info ] [MainThread]: Registered adapter: snowflake=1.11.3
[0m18:50:23.275838 [debug] [MainThread]: checksum: b80718358155fc17c3559352095564dd56ada1cc1a1c0ef2e62c857e71583775, vars: {}, profile: , target: , version: 1.11.7
[0m18:50:23.328793 [debug] [MainThread]: Partial parsing enabled: 0 files deleted, 0 files added, 0 files changed.
[0m18:50:23.328994 [debug] [MainThread]: Nothing changed, skipping partial parsing.
[0m18:50:23.329102 [debug] [MainThread]: Partial parsing enabled, no changes found, skipping parsing
[0m18:50:23.329370 [warn ] [MainThread]: [[33mWARNING[0m]: Configuration paths exist in your dbt_project.yml file which do not apply to any resources.
There are 1 unused configuration paths:
- models.airbnb.example
[0m18:50:23.331445 [debug] [MainThread]: Sending event: {'category': 'dbt', 'action': 'load_project', 'label': 'b2129d03-7dae-4bc7-87a4-72cb0e0d1444', 'context': [<snowplow_tracker.self_describing_json.SelfDescribingJson object at 0x10d569a50>]}
[0m18:50:23.349027 [debug] [MainThread]: Wrote artifact WritableManifest to /Users/arrakis/Documents/Courses/ae_dbt/course/target/manifest.json
[0m18:50:23.350341 [debug] [MainThread]: Wrote artifact SemanticManifest to /Users/arrakis/Documents/Courses/ae_dbt/course/target/semantic_manifest.json
[0m18:50:23.361401 [debug] [MainThread]: Sending event: {'category': 'dbt', 'action': 'resource_counts', 'label': 'b2129d03-7dae-4bc7-87a4-72cb0e0d1444', 'context': [<snowplow_tracker.self_describing_json.SelfDescribingJson object at 0x10cfa6030>]}
[0m18:50:23.361611 [info ] [MainThread]: Found 522 macros
[0m18:50:23.361738 [debug] [MainThread]: Sending event: {'category': 'dbt', 'action': 'runnable_timing', 'label': 'b2129d03-7dae-4bc7-87a4-72cb0e0d1444', 'context': [<snowplow_tracker.self_describing_json.SelfDescribingJson object at 0x10d416dd0>]}
[0m18:50:23.362323 [warn ] [MainThread]: Nothing to do. Try checking your model configs and model specification args
[0m18:50:23.363085 [debug] [MainThread]: Command end result
[0m18:50:23.370873 [debug] [MainThread]: Wrote artifact WritableManifest to /Users/arrakis/Documents/Courses/ae_dbt/course/target/manifest.json
[0m18:50:23.371967 [debug] [MainThread]: Wrote artifact SemanticManifest to /Users/arrakis/Documents/Courses/ae_dbt/course/target/semantic_manifest.json
[0m18:50:23.373679 [debug] [MainThread]: Wrote artifact RunExecutionResult to /Users/arrakis/Documents/Courses/ae_dbt/course/target/run_results.json
[0m18:50:23.373974 [debug] [MainThread]: Resource report: {"command_name": "run", "command_success": true, "command_wall_clock_time": 0.61641955, "process_in_blocks": "0", "process_kernel_time": 0.22694, "process_mem_max_rss": "155172864", "process_out_blocks": "0", "process_user_time": 0.805816}
[0m18:50:23.374225 [debug] [MainThread]: Command `dbt run` succeeded at 18:50:23.374184 after 0.62 seconds
[0m18:50:23.374386 [debug] [MainThread]: Sending event: {'category': 'dbt', 'action': 'invocation', 'label': 'end', 'context': [<snowplow_tracker.self_describing_json.SelfDescribingJson object at 0x10d623ee0>, <snowplow_tracker.self_describing_json.SelfDescribingJson object at 0x10c200dd0>, <snowplow_tracker.self_describing_json.SelfDescribingJson object at 0x10d5ddfd0>]}
[0m18:50:23.374526 [debug] [MainThread]: Flushing usage events
[0m18:50:23.467194 [debug] [MainThread]: An error was encountered while trying to flush usage events
[0m18:51:05.046482 [debug] [MainThread]: Sending event: {'category': 'dbt', 'action': 'invocation', 'label': 'start', 'context': [<snowplow_tracker.self_describing_json.SelfDescribingJson object at 0x10cbcf0e0>, <snowplow_tracker.self_describing_json.SelfDescribingJson object at 0x10e1474d0>, <snowplow_tracker.self_describing_json.SelfDescribingJson object at 0x10e147610>]}


============================== 18:51:05.049583 | 7d078487-98b2-461c-83ee-1ef3bf7e8e5e ==============================
[0m18:51:05.049583 [info ] [MainThread]: Running with dbt=1.11.7
[0m18:51:05.049863 [debug] [MainThread]: running dbt with arguments {'introspect': 'True', 'log_path': '/Users/arrakis/Documents/Courses/ae_dbt/course/logs', 'version_check': 'True', 'static_parser': 'True', 'debug': 'False', 'indirect_selection': 'eager', 'log_format': 'default', 'target_path': 'None', 'warn_error_options': 'WarnErrorOptionsV2(error=[], warn=[], silence=[])', 'printer_width': '80', 'no_print': 'None', 'partial_parse': 'True', 'profiles_dir': '/Users/arrakis/.dbt', 'use_colors': 'True', 'quiet': 'False', 'invocation_command': 'dbt run', 'send_anonymous_usage_stats': 'True', 'empty': 'False', 'log_cache_events': 'False', 'write_json': 'True', 'cache_selected_only': 'False', 'fail_fast': 'False', 'use_experimental_parser': 'False', 'warn_error': 'None'}
[0m18:51:05.352169 [debug] [MainThread]: Snowflake adapter: Setting snowflake.connector to ERROR (file logging only)
[0m18:51:05.352406 [debug] [MainThread]: Snowflake adapter: Setting botocore to ERROR (file logging only)
[0m18:51:05.352536 [debug] [MainThread]: Snowflake adapter: Setting boto3 to ERROR (file logging only)
[0m18:51:05.385670 [warn ] [MainThread]: [[33mWARNING[0m][MissingPlusPrefixDeprecation]: Deprecated functionality
Missing '+' prefix on `airbnb` found at `airbnb` in file
`/Users/arrakis/Documents/Courses/ae_dbt/course/dbt_project.yml`. Hierarchical
config values without a '+' prefix are deprecated in dbt_project.yml.
[0m18:51:05.385893 [debug] [MainThread]: Sending event: {'category': 'dbt', 'action': 'deprecation', 'label': '7d078487-98b2-461c-83ee-1ef3bf7e8e5e', 'property_': 'warn', 'context': [<snowplow_tracker.self_describing_json.SelfDescribingJson object at 0x10f0a5e00>]}
[0m18:51:05.467982 [debug] [MainThread]: Sending event: {'category': 'dbt', 'action': 'project_id', 'label': '7d078487-98b2-461c-83ee-1ef3bf7e8e5e', 'context': [<snowplow_tracker.self_describing_json.SelfDescribingJson object at 0x10f0e2470>]}
[0m18:51:05.495288 [debug] [MainThread]: Sending event: {'category': 'dbt', 'action': 'adapter_info', 'label': '7d078487-98b2-461c-83ee-1ef3bf7e8e5e', 'context': [<snowplow_tracker.self_describing_json.SelfDescribingJson object at 0x10e0ac250>]}
[0m18:51:05.495989 [info ] [MainThread]: Registered adapter: snowflake=1.11.3
[0m18:51:05.551568 [debug] [MainThread]: checksum: b80718358155fc17c3559352095564dd56ada1cc1a1c0ef2e62c857e71583775, vars: {}, profile: , target: , version: 1.11.7
[0m18:51:05.568104 [info ] [MainThread]: Unable to do partial parsing because a project config has changed
[0m18:51:05.568345 [debug] [MainThread]: Sending event: {'category': 'dbt', 'action': 'partial_parser', 'label': '7d078487-98b2-461c-83ee-1ef3bf7e8e5e', 'context': [<snowplow_tracker.self_describing_json.SelfDescribingJson object at 0x10ef2a5d0>]}
[0m18:51:05.893497 [warn ] [MainThread]: [[33mWARNING[0m]: Configuration paths exist in your dbt_project.yml file which do not apply to any resources.
There are 1 unused configuration paths:
- models
[0m18:51:05.895331 [debug] [MainThread]: Sending event: {'category': 'dbt', 'action': 'load_project', 'label': '7d078487-98b2-461c-83ee-1ef3bf7e8e5e', 'context': [<snowplow_tracker.self_describing_json.SelfDescribingJson object at 0x10f39a190>]}
[0m18:51:05.910667 [debug] [MainThread]: Wrote artifact WritableManifest to /Users/arrakis/Documents/Courses/ae_dbt/course/target/manifest.json
[0m18:51:05.912668 [debug] [MainThread]: Wrote artifact SemanticManifest to /Users/arrakis/Documents/Courses/ae_dbt/course/target/semantic_manifest.json
[0m18:51:05.930508 [debug] [MainThread]: Sending event: {'category': 'dbt', 'action': 'resource_counts', 'label': '7d078487-98b2-461c-83ee-1ef3bf7e8e5e', 'context': [<snowplow_tracker.self_describing_json.SelfDescribingJson object at 0x10f59a4e0>]}
[0m18:51:05.930751 [info ] [MainThread]: Found 522 macros
[0m18:51:05.930887 [debug] [MainThread]: Sending event: {'category': 'dbt', 'action': 'runnable_timing', 'label': '7d078487-98b2-461c-83ee-1ef3bf7e8e5e', 'context': [<snowplow_tracker.self_describing_json.SelfDescribingJson object at 0x10f55d550>]}
[0m18:51:05.931468 [warn ] [MainThread]: Nothing to do. Try checking your model configs and model specification args
[0m18:51:05.931699 [debug] [MainThread]: Command end result
[0m18:51:05.947147 [debug] [MainThread]: Wrote artifact WritableManifest to /Users/arrakis/Documents/Courses/ae_dbt/course/target/manifest.json
[0m18:51:05.948238 [debug] [MainThread]: Wrote artifact SemanticManifest to /Users/arrakis/Documents/Courses/ae_dbt/course/target/semantic_manifest.json
[0m18:51:05.950093 [debug] [MainThread]: Wrote artifact RunExecutionResult to /Users/arrakis/Documents/Courses/ae_dbt/course/target/run_results.json
[0m18:51:05.950389 [warn ] [MainThread]: [[33mWARNING[0m][DeprecationsSummary]: Deprecated functionality
Summary of encountered deprecations:
- MissingPlusPrefixDeprecation: 1 occurrence
To see all deprecation instances instead of just the first occurrence of each,
run command again with the `--show-all-deprecations` flag. You may also need to
run with `--no-partial-parse` as some deprecations are only encountered during
parsing.
[0m18:51:05.950685 [debug] [MainThread]: Resource report: {"command_name": "run", "command_success": true, "command_wall_clock_time": 0.955412, "process_in_blocks": "0", "process_kernel_time": 0.254442, "process_mem_max_rss": "155992064", "process_out_blocks": "0", "process_user_time": 1.089009}
[0m18:51:05.950935 [debug] [MainThread]: Command `dbt run` succeeded at 18:51:05.950895 after 0.96 seconds
[0m18:51:05.951095 [debug] [MainThread]: Sending event: {'category': 'dbt', 'action': 'invocation', 'label': 'end', 'context': [<snowplow_tracker.self_describing_json.SelfDescribingJson object at 0x10f6112e0>, <snowplow_tracker.self_describing_json.SelfDescribingJson object at 0x10f625630>, <snowplow_tracker.self_describing_json.SelfDescribingJson object at 0x10f627a70>]}
[0m18:51:05.951240 [debug] [MainThread]: Flushing usage events
[0m18:51:06.073464 [debug] [MainThread]: An error was encountered while trying to flush usage events
[0m18:53:42.003261 [debug] [MainThread]: Sending event: {'category': 'dbt', 'action': 'invocation', 'label': 'start', 'context': [<snowplow_tracker.self_describing_json.SelfDescribingJson object at 0x10c85f0e0>, <snowplow_tracker.self_describing_json.SelfDescribingJson object at 0x10ddd74d0>, <snowplow_tracker.self_describing_json.SelfDescribingJson object at 0x10ddd7610>]}


============================== 18:53:42.006216 | 1d256b93-800e-46ff-bc44-91cade63a97c ==============================
[0m18:53:42.006216 [info ] [MainThread]: Running with dbt=1.11.7
[0m18:53:42.006482 [debug] [MainThread]: running dbt with arguments {'debug': 'False', 'write_json': 'True', 'invocation_command': 'dbt run', 'target_path': 'None', 'profiles_dir': '/Users/arrakis/.dbt', 'indirect_selection': 'eager', 'empty': 'False', 'warn_error': 'None', 'version_check': 'True', 'use_colors': 'True', 'send_anonymous_usage_stats': 'True', 'log_path': '/Users/arrakis/Documents/Courses/ae_dbt/course/logs', 'static_parser': 'True', 'warn_error_options': 'WarnErrorOptionsV2(error=[], warn=[], silence=[])', 'log_format': 'default', 'printer_width': '80', 'use_experimental_parser': 'False', 'log_cache_events': 'False', 'no_print': 'None', 'cache_selected_only': 'False', 'quiet': 'False', 'partial_parse': 'True', 'fail_fast': 'False', 'introspect': 'True'}
[0m18:53:42.313666 [debug] [MainThread]: Snowflake adapter: Setting snowflake.connector to ERROR (file logging only)
[0m18:53:42.313894 [debug] [MainThread]: Snowflake adapter: Setting botocore to ERROR (file logging only)
[0m18:53:42.314019 [debug] [MainThread]: Snowflake adapter: Setting boto3 to ERROR (file logging only)
[0m18:53:42.466300 [debug] [MainThread]: Sending event: {'category': 'dbt', 'action': 'project_id', 'label': '1d256b93-800e-46ff-bc44-91cade63a97c', 'context': [<snowplow_tracker.self_describing_json.SelfDescribingJson object at 0x10d100770>]}
[0m18:53:42.494039 [debug] [MainThread]: Sending event: {'category': 'dbt', 'action': 'adapter_info', 'label': '1d256b93-800e-46ff-bc44-91cade63a97c', 'context': [<snowplow_tracker.self_describing_json.SelfDescribingJson object at 0x10ed729c0>]}
[0m18:53:42.494901 [info ] [MainThread]: Registered adapter: snowflake=1.11.3
[0m18:53:42.550242 [debug] [MainThread]: checksum: b80718358155fc17c3559352095564dd56ada1cc1a1c0ef2e62c857e71583775, vars: {}, profile: , target: , version: 1.11.7
[0m18:53:42.566553 [info ] [MainThread]: Unable to do partial parsing because a project config has changed
[0m18:53:42.566792 [debug] [MainThread]: Sending event: {'category': 'dbt', 'action': 'partial_parser', 'label': '1d256b93-800e-46ff-bc44-91cade63a97c', 'context': [<snowplow_tracker.self_describing_json.SelfDescribingJson object at 0x10eb56250>]}
[0m18:53:42.906141 [warn ] [MainThread]: [[33mWARNING[0m]: Configuration paths exist in your dbt_project.yml file which do not apply to any resources.
There are 1 unused configuration paths:
- models.airbnb.example
[0m18:53:42.907916 [debug] [MainThread]: Sending event: {'category': 'dbt', 'action': 'load_project', 'label': '1d256b93-800e-46ff-bc44-91cade63a97c', 'context': [<snowplow_tracker.self_describing_json.SelfDescribingJson object at 0x10ebbaf30>]}
[0m18:53:42.923290 [debug] [MainThread]: Wrote artifact WritableManifest to /Users/arrakis/Documents/Courses/ae_dbt/course/target/manifest.json
[0m18:53:42.925268 [debug] [MainThread]: Wrote artifact SemanticManifest to /Users/arrakis/Documents/Courses/ae_dbt/course/target/semantic_manifest.json
[0m18:53:42.943303 [debug] [MainThread]: Sending event: {'category': 'dbt', 'action': 'resource_counts', 'label': '1d256b93-800e-46ff-bc44-91cade63a97c', 'context': [<snowplow_tracker.self_describing_json.SelfDescribingJson object at 0x10f1304b0>]}
[0m18:53:42.943519 [info ] [MainThread]: Found 522 macros
[0m18:53:42.943655 [debug] [MainThread]: Sending event: {'category': 'dbt', 'action': 'runnable_timing', 'label': '1d256b93-800e-46ff-bc44-91cade63a97c', 'context': [<snowplow_tracker.self_describing_json.SelfDescribingJson object at 0x10f278120>]}
[0m18:53:42.944226 [warn ] [MainThread]: Nothing to do. Try checking your model configs and model specification args
[0m18:53:42.944446 [debug] [MainThread]: Command end result
[0m18:53:42.952827 [debug] [MainThread]: Wrote artifact WritableManifest to /Users/arrakis/Documents/Courses/ae_dbt/course/target/manifest.json
[0m18:53:42.953969 [debug] [MainThread]: Wrote artifact SemanticManifest to /Users/arrakis/Documents/Courses/ae_dbt/course/target/semantic_manifest.json
[0m18:53:42.955935 [debug] [MainThread]: Wrote artifact RunExecutionResult to /Users/arrakis/Documents/Courses/ae_dbt/course/target/run_results.json
[0m18:53:42.956266 [debug] [MainThread]: Resource report: {"command_name": "run", "command_success": true, "command_wall_clock_time": 1.0086911, "process_in_blocks": "0", "process_kernel_time": 0.284664, "process_mem_max_rss": "155959296", "process_out_blocks": "0", "process_user_time": 1.064367}
[0m18:53:42.956524 [debug] [MainThread]: Command `dbt run` succeeded at 18:53:42.956479 after 1.01 seconds
[0m18:53:42.956695 [debug] [MainThread]: Sending event: {'category': 'dbt', 'action': 'invocation', 'label': 'end', 'context': [<snowplow_tracker.self_describing_json.SelfDescribingJson object at 0x10de18dd0>, <snowplow_tracker.self_describing_json.SelfDescribingJson object at 0x10f2992e0>, <snowplow_tracker.self_describing_json.SelfDescribingJson object at 0x10f299180>]}
[0m18:53:42.956832 [debug] [MainThread]: Flushing usage events
[0m18:53:43.103228 [debug] [MainThread]: An error was encountered while trying to flush usage events
[0m18:55:19.426351 [debug] [MainThread]: Sending event: {'category': 'dbt', 'action': 'invocation', 'label': 'start', 'context': [<snowplow_tracker.self_describing_json.SelfDescribingJson object at 0x10894b0e0>, <snowplow_tracker.self_describing_json.SelfDescribingJson object at 0x109ec34d0>, <snowplow_tracker.self_describing_json.SelfDescribingJson object at 0x109ec3610>]}


============================== 18:55:19.429191 | ad9ede0b-3372-4ae5-a83e-721415af3145 ==============================
[0m18:55:19.429191 [info ] [MainThread]: Running with dbt=1.11.7
[0m18:55:19.429456 [debug] [MainThread]: running dbt with arguments {'target_path': 'None', 'indirect_selection': 'eager', 'log_cache_events': 'False', 'warn_error_options': 'WarnErrorOptionsV2(error=[], warn=[], silence=[])', 'no_print': 'None', 'send_anonymous_usage_stats': 'True', 'log_path': '/Users/arrakis/Documents/Courses/ae_dbt/course/logs', 'fail_fast': 'False', 'version_check': 'True', 'warn_error': 'None', 'cache_selected_only': 'False', 'quiet': 'False', 'use_experimental_parser': 'False', 'empty': 'False', 'profiles_dir': '/Users/arrakis/.dbt', 'use_colors': 'True', 'introspect': 'True', 'write_json': 'True', 'invocation_command': 'dbt run', 'partial_parse': 'True', 'log_format': 'default', 'static_parser': 'True', 'printer_width': '80', 'debug': 'False'}
[0m18:55:19.704625 [debug] [MainThread]: Snowflake adapter: Setting snowflake.connector to ERROR (file logging only)
[0m18:55:19.704867 [debug] [MainThread]: Snowflake adapter: Setting botocore to ERROR (file logging only)
[0m18:55:19.704993 [debug] [MainThread]: Snowflake adapter: Setting boto3 to ERROR (file logging only)
[0m18:55:19.819264 [debug] [MainThread]: Sending event: {'category': 'dbt', 'action': 'project_id', 'label': 'ad9ede0b-3372-4ae5-a83e-721415af3145', 'context': [<snowplow_tracker.self_describing_json.SelfDescribingJson object at 0x1091ec770>]}
[0m18:55:19.846290 [debug] [MainThread]: Sending event: {'category': 'dbt', 'action': 'adapter_info', 'label': 'ad9ede0b-3372-4ae5-a83e-721415af3145', 'context': [<snowplow_tracker.self_describing_json.SelfDescribingJson object at 0x10ae5a9c0>]}
[0m18:55:19.847007 [info ] [MainThread]: Registered adapter: snowflake=1.11.3
[0m18:55:19.902120 [debug] [MainThread]: checksum: b80718358155fc17c3559352095564dd56ada1cc1a1c0ef2e62c857e71583775, vars: {}, profile: , target: , version: 1.11.7
[0m18:55:19.918410 [info ] [MainThread]: Unable to do partial parsing because a project config has changed
[0m18:55:19.918629 [debug] [MainThread]: Sending event: {'category': 'dbt', 'action': 'partial_parser', 'label': 'ad9ede0b-3372-4ae5-a83e-721415af3145', 'context': [<snowplow_tracker.self_describing_json.SelfDescribingJson object at 0x10ac42250>]}
[0m18:55:20.259480 [warn ] [MainThread]: [[33mWARNING[0m]: Configuration paths exist in your dbt_project.yml file which do not apply to any resources.
There are 1 unused configuration paths:
- models.airbnb.dev
[0m18:55:20.261289 [debug] [MainThread]: Sending event: {'category': 'dbt', 'action': 'load_project', 'label': 'ad9ede0b-3372-4ae5-a83e-721415af3145', 'context': [<snowplow_tracker.self_describing_json.SelfDescribingJson object at 0x10aca6f30>]}
[0m18:55:20.276398 [debug] [MainThread]: Wrote artifact WritableManifest to /Users/arrakis/Documents/Courses/ae_dbt/course/target/manifest.json
[0m18:55:20.278225 [debug] [MainThread]: Wrote artifact SemanticManifest to /Users/arrakis/Documents/Courses/ae_dbt/course/target/semantic_manifest.json
[0m18:55:20.295575 [debug] [MainThread]: Sending event: {'category': 'dbt', 'action': 'resource_counts', 'label': 'ad9ede0b-3372-4ae5-a83e-721415af3145', 'context': [<snowplow_tracker.self_describing_json.SelfDescribingJson object at 0x10b21c4b0>]}
[0m18:55:20.295798 [info ] [MainThread]: Found 522 macros
[0m18:55:20.295930 [debug] [MainThread]: Sending event: {'category': 'dbt', 'action': 'runnable_timing', 'label': 'ad9ede0b-3372-4ae5-a83e-721415af3145', 'context': [<snowplow_tracker.self_describing_json.SelfDescribingJson object at 0x10b364120>]}
[0m18:55:20.296514 [warn ] [MainThread]: Nothing to do. Try checking your model configs and model specification args
[0m18:55:20.296736 [debug] [MainThread]: Command end result
[0m18:55:20.314300 [debug] [MainThread]: Wrote artifact WritableManifest to /Users/arrakis/Documents/Courses/ae_dbt/course/target/manifest.json
[0m18:55:20.315438 [debug] [MainThread]: Wrote artifact SemanticManifest to /Users/arrakis/Documents/Courses/ae_dbt/course/target/semantic_manifest.json
[0m18:55:20.317138 [debug] [MainThread]: Wrote artifact RunExecutionResult to /Users/arrakis/Documents/Courses/ae_dbt/course/target/run_results.json
[0m18:55:20.317431 [debug] [MainThread]: Resource report: {"command_name": "run", "command_success": true, "command_wall_clock_time": 0.94358134, "process_in_blocks": "0", "process_kernel_time": 0.25614, "process_mem_max_rss": "155844608", "process_out_blocks": "0", "process_user_time": 1.061745}
[0m18:55:20.317682 [debug] [MainThread]: Command `dbt run` succeeded at 18:55:20.317635 after 0.94 seconds
[0m18:55:20.317843 [debug] [MainThread]: Sending event: {'category': 'dbt', 'action': 'invocation', 'label': 'end', 'context': [<snowplow_tracker.self_describing_json.SelfDescribingJson object at 0x109f0cd10>, <snowplow_tracker.self_describing_json.SelfDescribingJson object at 0x10b3852e0>, <snowplow_tracker.self_describing_json.SelfDescribingJson object at 0x10b385180>]}
[0m18:55:20.317990 [debug] [MainThread]: Flushing usage events
[0m18:55:20.455892 [debug] [MainThread]: An error was encountered while trying to flush usage events
[0m18:56:41.572256 [debug] [MainThread]: Sending event: {'category': 'dbt', 'action': 'invocation', 'label': 'start', 'context': [<snowplow_tracker.self_describing_json.SelfDescribingJson object at 0x10a60f0e0>, <snowplow_tracker.self_describing_json.SelfDescribingJson object at 0x10bb874d0>, <snowplow_tracker.self_describing_json.SelfDescribingJson object at 0x10bb87610>]}


============================== 18:56:41.575159 | 713ee124-df13-4f9a-807f-a5c57c25e8f3 ==============================
[0m18:56:41.575159 [info ] [MainThread]: Running with dbt=1.11.7
[0m18:56:41.575422 [debug] [MainThread]: running dbt with arguments {'profiles_dir': '/Users/arrakis/.dbt', 'version_check': 'True', 'printer_width': '80', 'empty': 'False', 'indirect_selection': 'eager', 'warn_error': 'None', 'debug': 'False', 'log_format': 'default', 'introspect': 'True', 'use_experimental_parser': 'False', 'log_path': '/Users/arrakis/Documents/Courses/ae_dbt/course/logs', 'no_print': 'None', 'use_colors': 'True', 'warn_error_options': 'WarnErrorOptionsV2(error=[], warn=[], silence=[])', 'static_parser': 'True', 'send_anonymous_usage_stats': 'True', 'write_json': 'True', 'partial_parse': 'True', 'target_path': 'None', 'log_cache_events': 'False', 'cache_selected_only': 'False', 'invocation_command': 'dbt run --full-refresh -m airbnb', 'quiet': 'False', 'fail_fast': 'False'}
[0m18:56:41.575631 [warn ] [MainThread]: [[33mWARNING[0m]: Deprecated functionality
Usage of `--models`, `--model`, and `-m` is deprecated in favor of `--select` or
`-s`.
[0m18:56:41.575781 [debug] [MainThread]: Sending event: {'category': 'dbt', 'action': 'deprecation', 'label': '713ee124-df13-4f9a-807f-a5c57c25e8f3', 'property_': 'warn', 'context': [<snowplow_tracker.self_describing_json.SelfDescribingJson object at 0x10bbb9350>]}
[0m18:56:41.857625 [debug] [MainThread]: Snowflake adapter: Setting snowflake.connector to ERROR (file logging only)
[0m18:56:41.857863 [debug] [MainThread]: Snowflake adapter: Setting botocore to ERROR (file logging only)
[0m18:56:41.857992 [debug] [MainThread]: Snowflake adapter: Setting boto3 to ERROR (file logging only)
[0m18:56:41.986550 [debug] [MainThread]: Sending event: {'category': 'dbt', 'action': 'project_id', 'label': '713ee124-df13-4f9a-807f-a5c57c25e8f3', 'context': [<snowplow_tracker.self_describing_json.SelfDescribingJson object at 0x10cb1e470>]}
[0m18:56:42.013611 [debug] [MainThread]: Sending event: {'category': 'dbt', 'action': 'adapter_info', 'label': '713ee124-df13-4f9a-807f-a5c57c25e8f3', 'context': [<snowplow_tracker.self_describing_json.SelfDescribingJson object at 0x10baec250>]}
[0m18:56:42.014466 [info ] [MainThread]: Registered adapter: snowflake=1.11.3
[0m18:56:42.069108 [debug] [MainThread]: checksum: b80718358155fc17c3559352095564dd56ada1cc1a1c0ef2e62c857e71583775, vars: {}, profile: , target: , version: 1.11.7
[0m18:56:42.138882 [debug] [MainThread]: Partial parsing enabled: 0 files deleted, 0 files added, 0 files changed.
[0m18:56:42.139099 [debug] [MainThread]: Nothing changed, skipping partial parsing.
[0m18:56:42.139205 [debug] [MainThread]: Partial parsing enabled, no changes found, skipping parsing
[0m18:56:42.139464 [warn ] [MainThread]: [[33mWARNING[0m]: Configuration paths exist in your dbt_project.yml file which do not apply to any resources.
There are 1 unused configuration paths:
- models.airbnb.dev
[0m18:56:42.141570 [debug] [MainThread]: Sending event: {'category': 'dbt', 'action': 'load_project', 'label': '713ee124-df13-4f9a-807f-a5c57c25e8f3', 'context': [<snowplow_tracker.self_describing_json.SelfDescribingJson object at 0x10cf41040>]}
[0m18:56:42.159208 [debug] [MainThread]: Wrote artifact WritableManifest to /Users/arrakis/Documents/Courses/ae_dbt/course/target/manifest.json
[0m18:56:42.160809 [debug] [MainThread]: Wrote artifact SemanticManifest to /Users/arrakis/Documents/Courses/ae_dbt/course/target/semantic_manifest.json
[0m18:56:42.176344 [debug] [MainThread]: Sending event: {'category': 'dbt', 'action': 'resource_counts', 'label': '713ee124-df13-4f9a-807f-a5c57c25e8f3', 'context': [<snowplow_tracker.self_describing_json.SelfDescribingJson object at 0x10cddb690>]}
[0m18:56:42.176561 [info ] [MainThread]: Found 522 macros
[0m18:56:42.176689 [debug] [MainThread]: Sending event: {'category': 'dbt', 'action': 'runnable_timing', 'label': '713ee124-df13-4f9a-807f-a5c57c25e8f3', 'context': [<snowplow_tracker.self_describing_json.SelfDescribingJson object at 0x10cfe7ee0>]}
[0m18:56:42.176914 [warn ] [MainThread]: The selection criterion 'airbnb' does not match any enabled nodes
[0m18:56:42.177388 [warn ] [MainThread]: Nothing to do. Try checking your model configs and model specification args
[0m18:56:42.178148 [debug] [MainThread]: Command end result
[0m18:56:42.186439 [debug] [MainThread]: Wrote artifact WritableManifest to /Users/arrakis/Documents/Courses/ae_dbt/course/target/manifest.json
[0m18:56:42.187607 [debug] [MainThread]: Wrote artifact SemanticManifest to /Users/arrakis/Documents/Courses/ae_dbt/course/target/semantic_manifest.json
[0m18:56:42.189230 [debug] [MainThread]: Wrote artifact RunExecutionResult to /Users/arrakis/Documents/Courses/ae_dbt/course/target/run_results.json
[0m18:56:42.189454 [warn ] [MainThread]: [[33mWARNING[0m][DeprecationsSummary]: Deprecated functionality
Summary of encountered deprecations:
- ModelParamUsageDeprecation: 1 occurrence
To see all deprecation instances instead of just the first occurrence of each,
run command again with the `--show-all-deprecations` flag. You may also need to
run with `--no-partial-parse` as some deprecations are only encountered during
parsing.
[0m18:56:42.189737 [debug] [MainThread]: Resource report: {"command_name": "run", "command_success": true, "command_wall_clock_time": 0.6693824, "process_in_blocks": "0", "process_kernel_time": 0.2658, "process_mem_max_rss": "154992640", "process_out_blocks": "0", "process_user_time": 0.799359}
[0m18:56:42.189961 [debug] [MainThread]: Command `dbt run` succeeded at 18:56:42.189923 after 0.67 seconds
[0m18:56:42.190103 [debug] [MainThread]: Sending event: {'category': 'dbt', 'action': 'invocation', 'label': 'end', 'context': [<snowplow_tracker.self_describing_json.SelfDescribingJson object at 0x10bbc8dd0>, <snowplow_tracker.self_describing_json.SelfDescribingJson object at 0x10d024b50>, <snowplow_tracker.self_describing_json.SelfDescribingJson object at 0x10d024c00>]}
[0m18:56:42.190232 [debug] [MainThread]: Flushing usage events
[0m18:56:42.322394 [debug] [MainThread]: An error was encountered while trying to flush usage events
[0m18:58:30.418551 [debug] [MainThread]: Sending event: {'category': 'dbt', 'action': 'invocation', 'label': 'start', 'context': [<snowplow_tracker.self_describing_json.SelfDescribingJson object at 0x1084530e0>, <snowplow_tracker.self_describing_json.SelfDescribingJson object at 0x1099cb4d0>, <snowplow_tracker.self_describing_json.SelfDescribingJson object at 0x1099cb610>]}


============================== 18:58:30.429542 | c07c08be-02a0-4b00-8951-54ac905c8557 ==============================
[0m18:58:30.429542 [info ] [MainThread]: Running with dbt=1.11.7
[0m18:58:30.429842 [debug] [MainThread]: running dbt with arguments {'debug': 'False', 'static_parser': 'True', 'printer_width': '80', 'empty': 'False', 'version_check': 'True', 'introspect': 'True', 'partial_parse': 'True', 'log_cache_events': 'False', 'no_print': 'None', 'log_path': '/Users/arrakis/Documents/Courses/ae_dbt/course/logs', 'use_colors': 'True', 'indirect_selection': 'eager', 'use_experimental_parser': 'False', 'target_path': 'None', 'invocation_command': 'dbt run', 'quiet': 'False', 'warn_error': 'None', 'profiles_dir': '/Users/arrakis/.dbt', 'cache_selected_only': 'False', 'log_format': 'default', 'warn_error_options': 'WarnErrorOptionsV2(error=[], warn=[], silence=[])', 'fail_fast': 'False', 'write_json': 'True', 'send_anonymous_usage_stats': 'True'}
[0m18:58:30.729050 [debug] [MainThread]: Snowflake adapter: Setting snowflake.connector to ERROR (file logging only)
[0m18:58:30.729289 [debug] [MainThread]: Snowflake adapter: Setting botocore to ERROR (file logging only)
[0m18:58:30.729415 [debug] [MainThread]: Snowflake adapter: Setting boto3 to ERROR (file logging only)
[0m18:58:30.858777 [debug] [MainThread]: Sending event: {'category': 'dbt', 'action': 'project_id', 'label': 'c07c08be-02a0-4b00-8951-54ac905c8557', 'context': [<snowplow_tracker.self_describing_json.SelfDescribingJson object at 0x108cf4770>]}
[0m18:58:30.885963 [debug] [MainThread]: Sending event: {'category': 'dbt', 'action': 'adapter_info', 'label': 'c07c08be-02a0-4b00-8951-54ac905c8557', 'context': [<snowplow_tracker.self_describing_json.SelfDescribingJson object at 0x10a9669c0>]}
[0m18:58:30.886705 [info ] [MainThread]: Registered adapter: snowflake=1.11.3
[0m18:58:30.940489 [debug] [MainThread]: checksum: b80718358155fc17c3559352095564dd56ada1cc1a1c0ef2e62c857e71583775, vars: {}, profile: , target: , version: 1.11.7
[0m18:58:30.960268 [info ] [MainThread]: Unable to do partial parsing because a project config has changed
[0m18:58:30.960541 [debug] [MainThread]: Sending event: {'category': 'dbt', 'action': 'partial_parser', 'label': 'c07c08be-02a0-4b00-8951-54ac905c8557', 'context': [<snowplow_tracker.self_describing_json.SelfDescribingJson object at 0x10a74a250>]}
[0m18:58:31.294150 [warn ] [MainThread]: [[33mWARNING[0m]: Configuration paths exist in your dbt_project.yml file which do not apply to any resources.
There are 1 unused configuration paths:
- models.airbnb
[0m18:58:31.295991 [debug] [MainThread]: Sending event: {'category': 'dbt', 'action': 'load_project', 'label': 'c07c08be-02a0-4b00-8951-54ac905c8557', 'context': [<snowplow_tracker.self_describing_json.SelfDescribingJson object at 0x10a7aef30>]}
[0m18:58:31.311511 [debug] [MainThread]: Wrote artifact WritableManifest to /Users/arrakis/Documents/Courses/ae_dbt/course/target/manifest.json
[0m18:58:31.313583 [debug] [MainThread]: Wrote artifact SemanticManifest to /Users/arrakis/Documents/Courses/ae_dbt/course/target/semantic_manifest.json
[0m18:58:31.331349 [debug] [MainThread]: Sending event: {'category': 'dbt', 'action': 'resource_counts', 'label': 'c07c08be-02a0-4b00-8951-54ac905c8557', 'context': [<snowplow_tracker.self_describing_json.SelfDescribingJson object at 0x10ad244b0>]}
[0m18:58:31.331577 [info ] [MainThread]: Found 522 macros
[0m18:58:31.331713 [debug] [MainThread]: Sending event: {'category': 'dbt', 'action': 'runnable_timing', 'label': 'c07c08be-02a0-4b00-8951-54ac905c8557', 'context': [<snowplow_tracker.self_describing_json.SelfDescribingJson object at 0x10ae6c120>]}
[0m18:58:31.332294 [warn ] [MainThread]: Nothing to do. Try checking your model configs and model specification args
[0m18:58:31.332515 [debug] [MainThread]: Command end result
[0m18:58:31.340935 [debug] [MainThread]: Wrote artifact WritableManifest to /Users/arrakis/Documents/Courses/ae_dbt/course/target/manifest.json
[0m18:58:31.342072 [debug] [MainThread]: Wrote artifact SemanticManifest to /Users/arrakis/Documents/Courses/ae_dbt/course/target/semantic_manifest.json
[0m18:58:31.344067 [debug] [MainThread]: Wrote artifact RunExecutionResult to /Users/arrakis/Documents/Courses/ae_dbt/course/target/run_results.json
[0m18:58:31.344344 [debug] [MainThread]: Resource report: {"command_name": "run", "command_success": true, "command_wall_clock_time": 0.9799373, "process_in_blocks": "0", "process_kernel_time": 0.270152, "process_mem_max_rss": "156106752", "process_out_blocks": "0", "process_user_time": 1.075225}
[0m18:58:31.344588 [debug] [MainThread]: Command `dbt run` succeeded at 18:58:31.344545 after 0.98 seconds
[0m18:58:31.344753 [debug] [MainThread]: Sending event: {'category': 'dbt', 'action': 'invocation', 'label': 'end', 'context': [<snowplow_tracker.self_describing_json.SelfDescribingJson object at 0x109a14d10>, <snowplow_tracker.self_describing_json.SelfDescribingJson object at 0x10ae8d2e0>, <snowplow_tracker.self_describing_json.SelfDescribingJson object at 0x10ae8d180>]}
[0m18:58:31.344902 [debug] [MainThread]: Flushing usage events
[0m18:58:31.513119 [debug] [MainThread]: An error was encountered while trying to flush usage events
[0m18:58:51.729797 [debug] [MainThread]: Sending event: {'category': 'dbt', 'action': 'invocation', 'label': 'start', 'context': [<snowplow_tracker.self_describing_json.SelfDescribingJson object at 0x10accb0e0>, <snowplow_tracker.self_describing_json.SelfDescribingJson object at 0x10c2434d0>, <snowplow_tracker.self_describing_json.SelfDescribingJson object at 0x10c243610>]}


============================== 18:58:51.732112 | 296b8815-938b-4be1-99ab-f7a6c07987a1 ==============================
[0m18:58:51.732112 [info ] [MainThread]: Running with dbt=1.11.7
[0m18:58:51.732390 [debug] [MainThread]: running dbt with arguments {'write_json': 'True', 'empty': 'False', 'warn_error': 'None', 'indirect_selection': 'eager', 'quiet': 'False', 'warn_error_options': 'WarnErrorOptionsV2(error=[], warn=[], silence=[])', 'send_anonymous_usage_stats': 'True', 'static_parser': 'True', 'printer_width': '80', 'partial_parse': 'True', 'fail_fast': 'False', 'no_print': 'None', 'use_colors': 'True', 'cache_selected_only': 'False', 'log_path': '/Users/arrakis/Documents/Courses/ae_dbt/course/logs', 'log_format': 'default', 'debug': 'False', 'invocation_command': 'dbt run --full-refresh -m airbnb', 'target_path': 'None', 'version_check': 'True', 'log_cache_events': 'False', 'profiles_dir': '/Users/arrakis/.dbt', 'use_experimental_parser': 'False', 'introspect': 'True'}
[0m18:58:51.732593 [warn ] [MainThread]: [[33mWARNING[0m]: Deprecated functionality
Usage of `--models`, `--model`, and `-m` is deprecated in favor of `--select` or
`-s`.
[0m18:58:51.732752 [debug] [MainThread]: Sending event: {'category': 'dbt', 'action': 'deprecation', 'label': '296b8815-938b-4be1-99ab-f7a6c07987a1', 'property_': 'warn', 'context': [<snowplow_tracker.self_describing_json.SelfDescribingJson object at 0x10c275350>]}
[0m18:58:51.959665 [debug] [MainThread]: Snowflake adapter: Setting snowflake.connector to ERROR (file logging only)
[0m18:58:51.959903 [debug] [MainThread]: Snowflake adapter: Setting botocore to ERROR (file logging only)
[0m18:58:51.960045 [debug] [MainThread]: Snowflake adapter: Setting boto3 to ERROR (file logging only)
[0m18:58:52.069590 [debug] [MainThread]: Sending event: {'category': 'dbt', 'action': 'project_id', 'label': '296b8815-938b-4be1-99ab-f7a6c07987a1', 'context': [<snowplow_tracker.self_describing_json.SelfDescribingJson object at 0x10d1da470>]}
[0m18:58:52.096586 [debug] [MainThread]: Sending event: {'category': 'dbt', 'action': 'adapter_info', 'label': '296b8815-938b-4be1-99ab-f7a6c07987a1', 'context': [<snowplow_tracker.self_describing_json.SelfDescribingJson object at 0x10c1a8250>]}
[0m18:58:52.097150 [info ] [MainThread]: Registered adapter: snowflake=1.11.3
[0m18:58:52.147328 [debug] [MainThread]: checksum: b80718358155fc17c3559352095564dd56ada1cc1a1c0ef2e62c857e71583775, vars: {}, profile: , target: , version: 1.11.7
[0m18:58:52.228004 [debug] [MainThread]: Partial parsing enabled: 0 files deleted, 0 files added, 0 files changed.
[0m18:58:52.228194 [debug] [MainThread]: Nothing changed, skipping partial parsing.
[0m18:58:52.228303 [debug] [MainThread]: Partial parsing enabled, no changes found, skipping parsing
[0m18:58:52.228553 [warn ] [MainThread]: [[33mWARNING[0m]: Configuration paths exist in your dbt_project.yml file which do not apply to any resources.
There are 1 unused configuration paths:
- models.airbnb
[0m18:58:52.230595 [debug] [MainThread]: Sending event: {'category': 'dbt', 'action': 'load_project', 'label': '296b8815-938b-4be1-99ab-f7a6c07987a1', 'context': [<snowplow_tracker.self_describing_json.SelfDescribingJson object at 0x10d5fd040>]}
[0m18:58:52.248216 [debug] [MainThread]: Wrote artifact WritableManifest to /Users/arrakis/Documents/Courses/ae_dbt/course/target/manifest.json
[0m18:58:52.249525 [debug] [MainThread]: Wrote artifact SemanticManifest to /Users/arrakis/Documents/Courses/ae_dbt/course/target/semantic_manifest.json
[0m18:58:52.259932 [debug] [MainThread]: Sending event: {'category': 'dbt', 'action': 'resource_counts', 'label': '296b8815-938b-4be1-99ab-f7a6c07987a1', 'context': [<snowplow_tracker.self_describing_json.SelfDescribingJson object at 0x10d497690>]}
[0m18:58:52.260154 [info ] [MainThread]: Found 522 macros
[0m18:58:52.260294 [debug] [MainThread]: Sending event: {'category': 'dbt', 'action': 'runnable_timing', 'label': '296b8815-938b-4be1-99ab-f7a6c07987a1', 'context': [<snowplow_tracker.self_describing_json.SelfDescribingJson object at 0x10d6a3ee0>]}
[0m18:58:52.260534 [warn ] [MainThread]: The selection criterion 'airbnb' does not match any enabled nodes
[0m18:58:52.261009 [warn ] [MainThread]: Nothing to do. Try checking your model configs and model specification args
[0m18:58:52.261774 [debug] [MainThread]: Command end result
[0m18:58:52.269500 [debug] [MainThread]: Wrote artifact WritableManifest to /Users/arrakis/Documents/Courses/ae_dbt/course/target/manifest.json
[0m18:58:52.270724 [debug] [MainThread]: Wrote artifact SemanticManifest to /Users/arrakis/Documents/Courses/ae_dbt/course/target/semantic_manifest.json
[0m18:58:52.272616 [debug] [MainThread]: Wrote artifact RunExecutionResult to /Users/arrakis/Documents/Courses/ae_dbt/course/target/run_results.json
[0m18:58:52.272892 [warn ] [MainThread]: [[33mWARNING[0m][DeprecationsSummary]: Deprecated functionality
Summary of encountered deprecations:
- ModelParamUsageDeprecation: 1 occurrence
To see all deprecation instances instead of just the first occurrence of each,
run command again with the `--show-all-deprecations` flag. You may also need to
run with `--no-partial-parse` as some deprecations are only encountered during
parsing.
[0m18:58:52.273197 [debug] [MainThread]: Resource report: {"command_name": "run", "command_success": true, "command_wall_clock_time": 0.595413, "process_in_blocks": "0", "process_kernel_time": 0.213358, "process_mem_max_rss": "154861568", "process_out_blocks": "0", "process_user_time": 0.818693}
[0m18:58:52.273431 [debug] [MainThread]: Command `dbt run` succeeded at 18:58:52.273396 after 0.60 seconds
[0m18:58:52.273575 [debug] [MainThread]: Sending event: {'category': 'dbt', 'action': 'invocation', 'label': 'end', 'context': [<snowplow_tracker.self_describing_json.SelfDescribingJson object at 0x10c28cd10>, <snowplow_tracker.self_describing_json.SelfDescribingJson object at 0x10d6d4b50>, <snowplow_tracker.self_describing_json.SelfDescribingJson object at 0x10d6d4c00>]}
[0m18:58:52.273702 [debug] [MainThread]: Flushing usage events
[0m18:58:52.374943 [debug] [MainThread]: An error was encountered while trying to flush usage events
[0m19:00:21.534130 [debug] [MainThread]: Sending event: {'category': 'dbt', 'action': 'invocation', 'label': 'start', 'context': [<snowplow_tracker.self_describing_json.SelfDescribingJson object at 0x10a71b0e0>, <snowplow_tracker.self_describing_json.SelfDescribingJson object at 0x10bc934d0>, <snowplow_tracker.self_describing_json.SelfDescribingJson object at 0x10bc93610>]}


============================== 19:00:21.537421 | c3ef060c-249f-4fc1-bb04-3cf4f5fe62a5 ==============================
[0m19:00:21.537421 [info ] [MainThread]: Running with dbt=1.11.7
[0m19:00:21.537685 [debug] [MainThread]: running dbt with arguments {'printer_width': '80', 'log_cache_events': 'False', 'fail_fast': 'False', 'write_json': 'True', 'profiles_dir': '/Users/arrakis/.dbt', 'use_colors': 'True', 'log_format': 'default', 'version_check': 'True', 'target_path': 'None', 'partial_parse': 'True', 'introspect': 'True', 'send_anonymous_usage_stats': 'True', 'static_parser': 'True', 'invocation_command': 'dbt run --full-refresh -m airbnb', 'log_path': '/Users/arrakis/Documents/Courses/ae_dbt/course/logs', 'quiet': 'False', 'no_print': 'None', 'debug': 'False', 'use_experimental_parser': 'False', 'indirect_selection': 'eager', 'warn_error_options': 'WarnErrorOptionsV2(error=[], warn=[], silence=[])', 'warn_error': 'None', 'empty': 'False', 'cache_selected_only': 'False'}
[0m19:00:21.537885 [warn ] [MainThread]: [[33mWARNING[0m]: Deprecated functionality
Usage of `--models`, `--model`, and `-m` is deprecated in favor of `--select` or
`-s`.
[0m19:00:21.538038 [debug] [MainThread]: Sending event: {'category': 'dbt', 'action': 'deprecation', 'label': 'c3ef060c-249f-4fc1-bb04-3cf4f5fe62a5', 'property_': 'warn', 'context': [<snowplow_tracker.self_describing_json.SelfDescribingJson object at 0x10bcc5350>]}
[0m19:00:21.847540 [debug] [MainThread]: Snowflake adapter: Setting snowflake.connector to ERROR (file logging only)
[0m19:00:21.847780 [debug] [MainThread]: Snowflake adapter: Setting botocore to ERROR (file logging only)
[0m19:00:21.847918 [debug] [MainThread]: Snowflake adapter: Setting boto3 to ERROR (file logging only)
[0m19:00:21.883438 [warn ] [MainThread]: [[33mWARNING[0m][MissingPlusPrefixDeprecation]: Deprecated functionality
Missing '+' prefix on `airbnb` found at `airbnb` in file
`/Users/arrakis/Documents/Courses/ae_dbt/course/dbt_project.yml`. Hierarchical
config values without a '+' prefix are deprecated in dbt_project.yml.
[0m19:00:21.883668 [debug] [MainThread]: Sending event: {'category': 'dbt', 'action': 'deprecation', 'label': 'c3ef060c-249f-4fc1-bb04-3cf4f5fe62a5', 'property_': 'warn', 'context': [<snowplow_tracker.self_describing_json.SelfDescribingJson object at 0x10cbb48d0>]}
[0m19:00:21.966891 [debug] [MainThread]: Sending event: {'category': 'dbt', 'action': 'project_id', 'label': 'c3ef060c-249f-4fc1-bb04-3cf4f5fe62a5', 'context': [<snowplow_tracker.self_describing_json.SelfDescribingJson object at 0x10ca11e50>]}
[0m19:00:21.994155 [debug] [MainThread]: Sending event: {'category': 'dbt', 'action': 'adapter_info', 'label': 'c3ef060c-249f-4fc1-bb04-3cf4f5fe62a5', 'context': [<snowplow_tracker.self_describing_json.SelfDescribingJson object at 0x10ad34aa0>]}
[0m19:00:21.994851 [info ] [MainThread]: Registered adapter: snowflake=1.11.3
[0m19:00:22.048115 [debug] [MainThread]: checksum: b80718358155fc17c3559352095564dd56ada1cc1a1c0ef2e62c857e71583775, vars: {}, profile: , target: , version: 1.11.7
[0m19:00:22.064245 [info ] [MainThread]: Unable to do partial parsing because a project config has changed
[0m19:00:22.064471 [debug] [MainThread]: Sending event: {'category': 'dbt', 'action': 'partial_parser', 'label': 'c3ef060c-249f-4fc1-bb04-3cf4f5fe62a5', 'context': [<snowplow_tracker.self_describing_json.SelfDescribingJson object at 0x10ce6f850>]}
[0m19:00:22.386119 [warn ] [MainThread]: [[33mWARNING[0m]: Configuration paths exist in your dbt_project.yml file which do not apply to any resources.
There are 1 unused configuration paths:
- models
[0m19:00:22.388127 [debug] [MainThread]: Sending event: {'category': 'dbt', 'action': 'load_project', 'label': 'c3ef060c-249f-4fc1-bb04-3cf4f5fe62a5', 'context': [<snowplow_tracker.self_describing_json.SelfDescribingJson object at 0x10cf0c530>]}
[0m19:00:22.404113 [debug] [MainThread]: Wrote artifact WritableManifest to /Users/arrakis/Documents/Courses/ae_dbt/course/target/manifest.json
[0m19:00:22.405892 [debug] [MainThread]: Wrote artifact SemanticManifest to /Users/arrakis/Documents/Courses/ae_dbt/course/target/semantic_manifest.json
[0m19:00:22.420416 [debug] [MainThread]: Sending event: {'category': 'dbt', 'action': 'resource_counts', 'label': 'c3ef060c-249f-4fc1-bb04-3cf4f5fe62a5', 'context': [<snowplow_tracker.self_describing_json.SelfDescribingJson object at 0x10d039550>]}
[0m19:00:22.420650 [info ] [MainThread]: Found 522 macros
[0m19:00:22.420788 [debug] [MainThread]: Sending event: {'category': 'dbt', 'action': 'runnable_timing', 'label': 'c3ef060c-249f-4fc1-bb04-3cf4f5fe62a5', 'context': [<snowplow_tracker.self_describing_json.SelfDescribingJson object at 0x10d0e4d60>]}
[0m19:00:22.421060 [warn ] [MainThread]: The selection criterion 'airbnb' does not match any enabled nodes
[0m19:00:22.421596 [warn ] [MainThread]: Nothing to do. Try checking your model configs and model specification args
[0m19:00:22.421818 [debug] [MainThread]: Command end result
[0m19:00:22.430639 [debug] [MainThread]: Wrote artifact WritableManifest to /Users/arrakis/Documents/Courses/ae_dbt/course/target/manifest.json
[0m19:00:22.431709 [debug] [MainThread]: Wrote artifact SemanticManifest to /Users/arrakis/Documents/Courses/ae_dbt/course/target/semantic_manifest.json
[0m19:00:22.433413 [debug] [MainThread]: Wrote artifact RunExecutionResult to /Users/arrakis/Documents/Courses/ae_dbt/course/target/run_results.json
[0m19:00:22.433673 [warn ] [MainThread]: [[33mWARNING[0m][DeprecationsSummary]: Deprecated functionality
Summary of encountered deprecations:
- ModelParamUsageDeprecation: 1 occurrence
- MissingPlusPrefixDeprecation: 1 occurrence
To see all deprecation instances instead of just the first occurrence of each,
run command again with the `--show-all-deprecations` flag. You may also need to
run with `--no-partial-parse` as some deprecations are only encountered during
parsing.
[0m19:00:22.433956 [debug] [MainThread]: Resource report: {"command_name": "run", "command_success": true, "command_wall_clock_time": 0.9514416, "process_in_blocks": "0", "process_kernel_time": 0.254586, "process_mem_max_rss": "156008448", "process_out_blocks": "0", "process_user_time": 1.07186}
[0m19:00:22.434182 [debug] [MainThread]: Command `dbt run` succeeded at 19:00:22.434144 after 0.95 seconds
[0m19:00:22.434326 [debug] [MainThread]: Sending event: {'category': 'dbt', 'action': 'invocation', 'label': 'end', 'context': [<snowplow_tracker.self_describing_json.SelfDescribingJson object at 0x10d0f4730>, <snowplow_tracker.self_describing_json.SelfDescribingJson object at 0x10cf2cd40>, <snowplow_tracker.self_describing_json.SelfDescribingJson object at 0x109710350>]}
[0m19:00:22.434450 [debug] [MainThread]: Flushing usage events
[0m19:00:22.570087 [debug] [MainThread]: An error was encountered while trying to flush usage events
[0m19:00:50.036947 [debug] [MainThread]: Sending event: {'category': 'dbt', 'action': 'invocation', 'label': 'start', 'context': [<snowplow_tracker.self_describing_json.SelfDescribingJson object at 0x10a2130e0>, <snowplow_tracker.self_describing_json.SelfDescribingJson object at 0x10b78b4d0>, <snowplow_tracker.self_describing_json.SelfDescribingJson object at 0x10b78b610>]}


============================== 19:00:50.039255 | 11ffe74a-a3e4-496b-82c5-36ab2f89366d ==============================
[0m19:00:50.039255 [info ] [MainThread]: Running with dbt=1.11.7
[0m19:00:50.039524 [debug] [MainThread]: running dbt with arguments {'indirect_selection': 'eager', 'log_path': '/Users/arrakis/Documents/Courses/ae_dbt/course/logs', 'use_experimental_parser': 'False', 'log_format': 'default', 'introspect': 'True', 'partial_parse': 'True', 'static_parser': 'True', 'warn_error': 'None', 'empty': 'False', 'warn_error_options': 'WarnErrorOptionsV2(error=[], warn=[], silence=[])', 'printer_width': '80', 'invocation_command': 'dbt run --full-refresh -m airbnb', 'fail_fast': 'False', 'profiles_dir': '/Users/arrakis/.dbt', 'log_cache_events': 'False', 'quiet': 'False', 'cache_selected_only': 'False', 'target_path': 'None', 'no_print': 'None', 'version_check': 'True', 'send_anonymous_usage_stats': 'True', 'write_json': 'True', 'debug': 'False', 'use_colors': 'True'}
[0m19:00:50.039713 [warn ] [MainThread]: [[33mWARNING[0m]: Deprecated functionality
Usage of `--models`, `--model`, and `-m` is deprecated in favor of `--select` or
`-s`.
[0m19:00:50.039867 [debug] [MainThread]: Sending event: {'category': 'dbt', 'action': 'deprecation', 'label': '11ffe74a-a3e4-496b-82c5-36ab2f89366d', 'property_': 'warn', 'context': [<snowplow_tracker.self_describing_json.SelfDescribingJson object at 0x10b7bd350>]}
[0m19:00:50.278680 [debug] [MainThread]: Snowflake adapter: Setting snowflake.connector to ERROR (file logging only)
[0m19:00:50.278915 [debug] [MainThread]: Snowflake adapter: Setting botocore to ERROR (file logging only)
[0m19:00:50.279053 [debug] [MainThread]: Snowflake adapter: Setting boto3 to ERROR (file logging only)
[0m19:00:50.312211 [warn ] [MainThread]: [[33mWARNING[0m][MissingPlusPrefixDeprecation]: Deprecated functionality
Missing '+' prefix on `airbnb` found at `airbnb` in file
`/Users/arrakis/Documents/Courses/ae_dbt/course/dbt_project.yml`. Hierarchical
config values without a '+' prefix are deprecated in dbt_project.yml.
[0m19:00:50.312439 [debug] [MainThread]: Sending event: {'category': 'dbt', 'action': 'deprecation', 'label': '11ffe74a-a3e4-496b-82c5-36ab2f89366d', 'property_': 'warn', 'context': [<snowplow_tracker.self_describing_json.SelfDescribingJson object at 0x10c6ac8d0>]}
[0m19:00:50.401067 [debug] [MainThread]: Sending event: {'category': 'dbt', 'action': 'project_id', 'label': '11ffe74a-a3e4-496b-82c5-36ab2f89366d', 'context': [<snowplow_tracker.self_describing_json.SelfDescribingJson object at 0x10c509e50>]}
[0m19:00:50.428497 [debug] [MainThread]: Sending event: {'category': 'dbt', 'action': 'adapter_info', 'label': '11ffe74a-a3e4-496b-82c5-36ab2f89366d', 'context': [<snowplow_tracker.self_describing_json.SelfDescribingJson object at 0x10a82caa0>]}
[0m19:00:50.429591 [info ] [MainThread]: Registered adapter: snowflake=1.11.3
[0m19:00:50.485554 [debug] [MainThread]: checksum: b80718358155fc17c3559352095564dd56ada1cc1a1c0ef2e62c857e71583775, vars: {}, profile: , target: , version: 1.11.7
[0m19:00:50.501458 [info ] [MainThread]: Unable to do partial parsing because a project config has changed
[0m19:00:50.501679 [debug] [MainThread]: Sending event: {'category': 'dbt', 'action': 'partial_parser', 'label': '11ffe74a-a3e4-496b-82c5-36ab2f89366d', 'context': [<snowplow_tracker.self_describing_json.SelfDescribingJson object at 0x10c967850>]}
[0m19:00:50.822124 [warn ] [MainThread]: [[33mWARNING[0m]: Configuration paths exist in your dbt_project.yml file which do not apply to any resources.
There are 1 unused configuration paths:
- models
[0m19:00:50.823892 [debug] [MainThread]: Sending event: {'category': 'dbt', 'action': 'load_project', 'label': '11ffe74a-a3e4-496b-82c5-36ab2f89366d', 'context': [<snowplow_tracker.self_describing_json.SelfDescribingJson object at 0x10ca04530>]}
[0m19:00:50.839292 [debug] [MainThread]: Wrote artifact WritableManifest to /Users/arrakis/Documents/Courses/ae_dbt/course/target/manifest.json
[0m19:00:50.841084 [debug] [MainThread]: Wrote artifact SemanticManifest to /Users/arrakis/Documents/Courses/ae_dbt/course/target/semantic_manifest.json
[0m19:00:50.859230 [debug] [MainThread]: Sending event: {'category': 'dbt', 'action': 'resource_counts', 'label': '11ffe74a-a3e4-496b-82c5-36ab2f89366d', 'context': [<snowplow_tracker.self_describing_json.SelfDescribingJson object at 0x10cb31550>]}
[0m19:00:50.859441 [info ] [MainThread]: Found 522 macros
[0m19:00:50.859575 [debug] [MainThread]: Sending event: {'category': 'dbt', 'action': 'runnable_timing', 'label': '11ffe74a-a3e4-496b-82c5-36ab2f89366d', 'context': [<snowplow_tracker.self_describing_json.SelfDescribingJson object at 0x10cbdcd60>]}
[0m19:00:50.859819 [warn ] [MainThread]: The selection criterion 'airbnb' does not match any enabled nodes
[0m19:00:50.860283 [warn ] [MainThread]: Nothing to do. Try checking your model configs and model specification args
[0m19:00:50.860492 [debug] [MainThread]: Command end result
[0m19:00:50.868360 [debug] [MainThread]: Wrote artifact WritableManifest to /Users/arrakis/Documents/Courses/ae_dbt/course/target/manifest.json
[0m19:00:50.869489 [debug] [MainThread]: Wrote artifact SemanticManifest to /Users/arrakis/Documents/Courses/ae_dbt/course/target/semantic_manifest.json
[0m19:00:50.871333 [debug] [MainThread]: Wrote artifact RunExecutionResult to /Users/arrakis/Documents/Courses/ae_dbt/course/target/run_results.json
[0m19:00:50.871634 [warn ] [MainThread]: [[33mWARNING[0m][DeprecationsSummary]: Deprecated functionality
Summary of encountered deprecations:
- ModelParamUsageDeprecation: 1 occurrence
- MissingPlusPrefixDeprecation: 1 occurrence
To see all deprecation instances instead of just the first occurrence of each,
run command again with the `--show-all-deprecations` flag. You may also need to
run with `--no-partial-parse` as some deprecations are only encountered during
parsing.
[0m19:00:50.871942 [debug] [MainThread]: Resource report: {"command_name": "run", "command_success": true, "command_wall_clock_time": 0.8837092, "process_in_blocks": "0", "process_kernel_time": 0.23221, "process_mem_max_rss": "155877376", "process_out_blocks": "0", "process_user_time": 1.066206}
[0m19:00:50.872188 [debug] [MainThread]: Command `dbt run` succeeded at 19:00:50.872149 after 0.88 seconds
[0m19:00:50.872350 [debug] [MainThread]: Sending event: {'category': 'dbt', 'action': 'invocation', 'label': 'end', 'context': [<snowplow_tracker.self_describing_json.SelfDescribingJson object at 0x10cbec730>, <snowplow_tracker.self_describing_json.SelfDescribingJson object at 0x10ca24d40>, <snowplow_tracker.self_describing_json.SelfDescribingJson object at 0x10937c350>]}
[0m19:00:50.872495 [debug] [MainThread]: Flushing usage events
[0m19:00:50.979940 [debug] [MainThread]: An error was encountered while trying to flush usage events
[0m19:02:30.939198 [debug] [MainThread]: Sending event: {'category': 'dbt', 'action': 'invocation', 'label': 'start', 'context': [<snowplow_tracker.self_describing_json.SelfDescribingJson object at 0x10c2170e0>, <snowplow_tracker.self_describing_json.SelfDescribingJson object at 0x10d78f4d0>, <snowplow_tracker.self_describing_json.SelfDescribingJson object at 0x10d78f610>]}


============================== 19:02:30.942030 | 0781bfd2-a188-4c88-bf89-51e262347386 ==============================
[0m19:02:30.942030 [info ] [MainThread]: Running with dbt=1.11.7
[0m19:02:30.942287 [debug] [MainThread]: running dbt with arguments {'target_path': 'None', 'log_format': 'default', 'write_json': 'True', 'use_colors': 'True', 'send_anonymous_usage_stats': 'True', 'quiet': 'False', 'static_parser': 'True', 'profiles_dir': '/Users/arrakis/.dbt', 'log_cache_events': 'False', 'fail_fast': 'False', 'warn_error': 'None', 'debug': 'False', 'log_path': '/Users/arrakis/Documents/Courses/ae_dbt/course/logs', 'indirect_selection': 'eager', 'empty': 'False', 'version_check': 'True', 'no_print': 'None', 'warn_error_options': 'WarnErrorOptionsV2(error=[], warn=[], silence=[])', 'introspect': 'True', 'printer_width': '80', 'partial_parse': 'True', 'use_experimental_parser': 'False', 'cache_selected_only': 'False', 'invocation_command': 'dbt run --full-refresh -m airbnb'}
[0m19:02:30.942484 [warn ] [MainThread]: [[33mWARNING[0m]: Deprecated functionality
Usage of `--models`, `--model`, and `-m` is deprecated in favor of `--select` or
`-s`.
[0m19:02:30.942633 [debug] [MainThread]: Sending event: {'category': 'dbt', 'action': 'deprecation', 'label': '0781bfd2-a188-4c88-bf89-51e262347386', 'property_': 'warn', 'context': [<snowplow_tracker.self_describing_json.SelfDescribingJson object at 0x10d7c1350>]}
[0m19:02:31.245667 [debug] [MainThread]: Snowflake adapter: Setting snowflake.connector to ERROR (file logging only)
[0m19:02:31.245920 [debug] [MainThread]: Snowflake adapter: Setting botocore to ERROR (file logging only)
[0m19:02:31.246055 [debug] [MainThread]: Snowflake adapter: Setting boto3 to ERROR (file logging only)
[0m19:02:31.359393 [debug] [MainThread]: Sending event: {'category': 'dbt', 'action': 'project_id', 'label': '0781bfd2-a188-4c88-bf89-51e262347386', 'context': [<snowplow_tracker.self_describing_json.SelfDescribingJson object at 0x10e72a470>]}
[0m19:02:31.386707 [debug] [MainThread]: Sending event: {'category': 'dbt', 'action': 'adapter_info', 'label': '0781bfd2-a188-4c88-bf89-51e262347386', 'context': [<snowplow_tracker.self_describing_json.SelfDescribingJson object at 0x10d6f4250>]}
[0m19:02:31.387354 [info ] [MainThread]: Registered adapter: snowflake=1.11.3
[0m19:02:31.441258 [debug] [MainThread]: checksum: b80718358155fc17c3559352095564dd56ada1cc1a1c0ef2e62c857e71583775, vars: {}, profile: , target: , version: 1.11.7
[0m19:02:31.457516 [info ] [MainThread]: Unable to do partial parsing because a project config has changed
[0m19:02:31.457743 [debug] [MainThread]: Sending event: {'category': 'dbt', 'action': 'partial_parser', 'label': '0781bfd2-a188-4c88-bf89-51e262347386', 'context': [<snowplow_tracker.self_describing_json.SelfDescribingJson object at 0x10e572030>]}
[0m19:02:31.796380 [warn ] [MainThread]: [[33mWARNING[0m]: Configuration paths exist in your dbt_project.yml file which do not apply to any resources.
There are 1 unused configuration paths:
- models.airbnb
[0m19:02:31.798286 [debug] [MainThread]: Sending event: {'category': 'dbt', 'action': 'load_project', 'label': '0781bfd2-a188-4c88-bf89-51e262347386', 'context': [<snowplow_tracker.self_describing_json.SelfDescribingJson object at 0x10e9e2190>]}
[0m19:02:31.814662 [debug] [MainThread]: Wrote artifact WritableManifest to /Users/arrakis/Documents/Courses/ae_dbt/course/target/manifest.json
[0m19:02:31.816814 [debug] [MainThread]: Wrote artifact SemanticManifest to /Users/arrakis/Documents/Courses/ae_dbt/course/target/semantic_manifest.json
[0m19:02:31.836365 [debug] [MainThread]: Sending event: {'category': 'dbt', 'action': 'resource_counts', 'label': '0781bfd2-a188-4c88-bf89-51e262347386', 'context': [<snowplow_tracker.self_describing_json.SelfDescribingJson object at 0x10ea872b0>]}
[0m19:02:31.836621 [info ] [MainThread]: Found 522 macros
[0m19:02:31.836765 [debug] [MainThread]: Sending event: {'category': 'dbt', 'action': 'runnable_timing', 'label': '0781bfd2-a188-4c88-bf89-51e262347386', 'context': [<snowplow_tracker.self_describing_json.SelfDescribingJson object at 0x10ebad550>]}
[0m19:02:31.837004 [warn ] [MainThread]: The selection criterion 'airbnb' does not match any enabled nodes
[0m19:02:31.837480 [warn ] [MainThread]: Nothing to do. Try checking your model configs and model specification args
[0m19:02:31.837694 [debug] [MainThread]: Command end result
[0m19:02:31.854720 [debug] [MainThread]: Wrote artifact WritableManifest to /Users/arrakis/Documents/Courses/ae_dbt/course/target/manifest.json
[0m19:02:31.855830 [debug] [MainThread]: Wrote artifact SemanticManifest to /Users/arrakis/Documents/Courses/ae_dbt/course/target/semantic_manifest.json
[0m19:02:31.857315 [debug] [MainThread]: Wrote artifact RunExecutionResult to /Users/arrakis/Documents/Courses/ae_dbt/course/target/run_results.json
[0m19:02:31.857561 [warn ] [MainThread]: [[33mWARNING[0m][DeprecationsSummary]: Deprecated functionality
Summary of encountered deprecations:
- ModelParamUsageDeprecation: 1 occurrence
To see all deprecation instances instead of just the first occurrence of each,
run command again with the `--show-all-deprecations` flag. You may also need to
run with `--no-partial-parse` as some deprecations are only encountered during
parsing.
[0m19:02:31.857837 [debug] [MainThread]: Resource report: {"command_name": "run", "command_success": true, "command_wall_clock_time": 0.9662998, "process_in_blocks": "0", "process_kernel_time": 0.253818, "process_mem_max_rss": "155729920", "process_out_blocks": "0", "process_user_time": 1.082506}
[0m19:02:31.858069 [debug] [MainThread]: Command `dbt run` succeeded at 19:02:31.858033 after 0.97 seconds
[0m19:02:31.858213 [debug] [MainThread]: Sending event: {'category': 'dbt', 'action': 'invocation', 'label': 'end', 'context': [<snowplow_tracker.self_describing_json.SelfDescribingJson object at 0x10ec7d2e0>, <snowplow_tracker.self_describing_json.SelfDescribingJson object at 0x10ec66170>, <snowplow_tracker.self_describing_json.SelfDescribingJson object at 0x10ec67430>]}
[0m19:02:31.858343 [debug] [MainThread]: Flushing usage events
[0m19:02:32.036681 [debug] [MainThread]: An error was encountered while trying to flush usage events
[0m19:04:05.302458 [debug] [MainThread]: Sending event: {'category': 'dbt', 'action': 'invocation', 'label': 'start', 'context': [<snowplow_tracker.self_describing_json.SelfDescribingJson object at 0x109e430e0>, <snowplow_tracker.self_describing_json.SelfDescribingJson object at 0x10b3bb4d0>, <snowplow_tracker.self_describing_json.SelfDescribingJson object at 0x10b3bb610>]}


============================== 19:04:05.305221 | 250dc5fa-d033-45d4-b37e-53b73428226a ==============================
[0m19:04:05.305221 [info ] [MainThread]: Running with dbt=1.11.7
[0m19:04:05.305481 [debug] [MainThread]: running dbt with arguments {'log_path': '/Users/arrakis/Documents/Courses/ae_dbt/course/logs', 'static_parser': 'True', 'invocation_command': 'dbt run --full-refresh -m airbnb', 'cache_selected_only': 'False', 'debug': 'False', 'log_format': 'default', 'profiles_dir': '/Users/arrakis/.dbt', 'no_print': 'None', 'empty': 'False', 'use_experimental_parser': 'False', 'warn_error': 'None', 'introspect': 'True', 'fail_fast': 'False', 'use_colors': 'True', 'partial_parse': 'True', 'write_json': 'True', 'indirect_selection': 'eager', 'target_path': 'None', 'version_check': 'True', 'send_anonymous_usage_stats': 'True', 'quiet': 'False', 'log_cache_events': 'False', 'warn_error_options': 'WarnErrorOptionsV2(error=[], warn=[], silence=[])', 'printer_width': '80'}
[0m19:04:05.305688 [warn ] [MainThread]: [[33mWARNING[0m]: Deprecated functionality
Usage of `--models`, `--model`, and `-m` is deprecated in favor of `--select` or
`-s`.
[0m19:04:05.305834 [debug] [MainThread]: Sending event: {'category': 'dbt', 'action': 'deprecation', 'label': '250dc5fa-d033-45d4-b37e-53b73428226a', 'property_': 'warn', 'context': [<snowplow_tracker.self_describing_json.SelfDescribingJson object at 0x10b3ed350>]}
[0m19:04:05.609939 [debug] [MainThread]: Snowflake adapter: Setting snowflake.connector to ERROR (file logging only)
[0m19:04:05.610179 [debug] [MainThread]: Snowflake adapter: Setting botocore to ERROR (file logging only)
[0m19:04:05.610322 [debug] [MainThread]: Snowflake adapter: Setting boto3 to ERROR (file logging only)
[0m19:04:05.722154 [debug] [MainThread]: Sending event: {'category': 'dbt', 'action': 'project_id', 'label': '250dc5fa-d033-45d4-b37e-53b73428226a', 'context': [<snowplow_tracker.self_describing_json.SelfDescribingJson object at 0x10c352470>]}
[0m19:04:05.749406 [debug] [MainThread]: Sending event: {'category': 'dbt', 'action': 'adapter_info', 'label': '250dc5fa-d033-45d4-b37e-53b73428226a', 'context': [<snowplow_tracker.self_describing_json.SelfDescribingJson object at 0x10b320250>]}
[0m19:04:05.750034 [info ] [MainThread]: Registered adapter: snowflake=1.11.3
[0m19:04:05.804021 [debug] [MainThread]: checksum: b80718358155fc17c3559352095564dd56ada1cc1a1c0ef2e62c857e71583775, vars: {}, profile: , target: , version: 1.11.7
[0m19:04:05.820457 [info ] [MainThread]: Unable to do partial parsing because a project config has changed
[0m19:04:05.820674 [debug] [MainThread]: Sending event: {'category': 'dbt', 'action': 'partial_parser', 'label': '250dc5fa-d033-45d4-b37e-53b73428226a', 'context': [<snowplow_tracker.self_describing_json.SelfDescribingJson object at 0x10c19e030>]}
[0m19:04:06.142229 [warn ] [MainThread]: [[33mWARNING[0m]: Configuration paths exist in your dbt_project.yml file which do not apply to any resources.
There are 1 unused configuration paths:
- models.airbnb.dev
[0m19:04:06.144026 [debug] [MainThread]: Sending event: {'category': 'dbt', 'action': 'load_project', 'label': '250dc5fa-d033-45d4-b37e-53b73428226a', 'context': [<snowplow_tracker.self_describing_json.SelfDescribingJson object at 0x10c60e190>]}
[0m19:04:06.159309 [debug] [MainThread]: Wrote artifact WritableManifest to /Users/arrakis/Documents/Courses/ae_dbt/course/target/manifest.json
[0m19:04:06.161278 [debug] [MainThread]: Wrote artifact SemanticManifest to /Users/arrakis/Documents/Courses/ae_dbt/course/target/semantic_manifest.json
[0m19:04:06.177549 [debug] [MainThread]: Sending event: {'category': 'dbt', 'action': 'resource_counts', 'label': '250dc5fa-d033-45d4-b37e-53b73428226a', 'context': [<snowplow_tracker.self_describing_json.SelfDescribingJson object at 0x10c6bf2b0>]}
[0m19:04:06.177773 [info ] [MainThread]: Found 522 macros
[0m19:04:06.177908 [debug] [MainThread]: Sending event: {'category': 'dbt', 'action': 'runnable_timing', 'label': '250dc5fa-d033-45d4-b37e-53b73428226a', 'context': [<snowplow_tracker.self_describing_json.SelfDescribingJson object at 0x10c7d9550>]}
[0m19:04:06.178139 [warn ] [MainThread]: The selection criterion 'airbnb' does not match any enabled nodes
[0m19:04:06.178604 [warn ] [MainThread]: Nothing to do. Try checking your model configs and model specification args
[0m19:04:06.178816 [debug] [MainThread]: Command end result
[0m19:04:06.186950 [debug] [MainThread]: Wrote artifact WritableManifest to /Users/arrakis/Documents/Courses/ae_dbt/course/target/manifest.json
[0m19:04:06.188094 [debug] [MainThread]: Wrote artifact SemanticManifest to /Users/arrakis/Documents/Courses/ae_dbt/course/target/semantic_manifest.json
[0m19:04:06.189916 [debug] [MainThread]: Wrote artifact RunExecutionResult to /Users/arrakis/Documents/Courses/ae_dbt/course/target/run_results.json
[0m19:04:06.190192 [warn ] [MainThread]: [[33mWARNING[0m][DeprecationsSummary]: Deprecated functionality
Summary of encountered deprecations:
- ModelParamUsageDeprecation: 1 occurrence
To see all deprecation instances instead of just the first occurrence of each,
run command again with the `--show-all-deprecations` flag. You may also need to
run with `--no-partial-parse` as some deprecations are only encountered during
parsing.
[0m19:04:06.190492 [debug] [MainThread]: Resource report: {"command_name": "run", "command_success": true, "command_wall_clock_time": 0.9367434, "process_in_blocks": "0", "process_kernel_time": 0.262355, "process_mem_max_rss": "155992064", "process_out_blocks": "0", "process_user_time": 1.071237}
[0m19:04:06.190735 [debug] [MainThread]: Command `dbt run` succeeded at 19:04:06.190695 after 0.94 seconds
[0m19:04:06.190901 [debug] [MainThread]: Sending event: {'category': 'dbt', 'action': 'invocation', 'label': 'end', 'context': [<snowplow_tracker.self_describing_json.SelfDescribingJson object at 0x10c87d2e0>, <snowplow_tracker.self_describing_json.SelfDescribingJson object at 0x10c88a170>, <snowplow_tracker.self_describing_json.SelfDescribingJson object at 0x10c88b430>]}
[0m19:04:06.191044 [debug] [MainThread]: Flushing usage events
[0m19:04:06.401093 [debug] [MainThread]: An error was encountered while trying to flush usage events
[0m19:04:53.579050 [debug] [MainThread]: Sending event: {'category': 'dbt', 'action': 'invocation', 'label': 'start', 'context': [<snowplow_tracker.self_describing_json.SelfDescribingJson object at 0x107eeb0e0>, <snowplow_tracker.self_describing_json.SelfDescribingJson object at 0x1094634d0>, <snowplow_tracker.self_describing_json.SelfDescribingJson object at 0x109463610>]}


============================== 19:04:53.581813 | 616aadef-0838-4a13-b7e5-aadda878c7e1 ==============================
[0m19:04:53.581813 [info ] [MainThread]: Running with dbt=1.11.7
[0m19:04:53.582067 [debug] [MainThread]: running dbt with arguments {'log_format': 'default', 'warn_error': 'None', 'target_path': 'None', 'fail_fast': 'False', 'write_json': 'True', 'empty': 'False', 'log_path': '/Users/arrakis/Documents/Courses/ae_dbt/course/logs', 'indirect_selection': 'eager', 'introspect': 'True', 'send_anonymous_usage_stats': 'True', 'invocation_command': 'dbt run', 'use_colors': 'True', 'partial_parse': 'True', 'printer_width': '80', 'log_cache_events': 'False', 'warn_error_options': 'WarnErrorOptionsV2(error=[], warn=[], silence=[])', 'quiet': 'False', 'cache_selected_only': 'False', 'no_print': 'None', 'version_check': 'True', 'static_parser': 'True', 'debug': 'False', 'profiles_dir': '/Users/arrakis/.dbt', 'use_experimental_parser': 'False'}
[0m19:04:53.892639 [debug] [MainThread]: Snowflake adapter: Setting snowflake.connector to ERROR (file logging only)
[0m19:04:53.892872 [debug] [MainThread]: Snowflake adapter: Setting botocore to ERROR (file logging only)
[0m19:04:53.893003 [debug] [MainThread]: Snowflake adapter: Setting boto3 to ERROR (file logging only)
[0m19:04:54.004306 [debug] [MainThread]: Sending event: {'category': 'dbt', 'action': 'project_id', 'label': '616aadef-0838-4a13-b7e5-aadda878c7e1', 'context': [<snowplow_tracker.self_describing_json.SelfDescribingJson object at 0x10878c770>]}
[0m19:04:54.031406 [debug] [MainThread]: Sending event: {'category': 'dbt', 'action': 'adapter_info', 'label': '616aadef-0838-4a13-b7e5-aadda878c7e1', 'context': [<snowplow_tracker.self_describing_json.SelfDescribingJson object at 0x10a3fe9c0>]}
[0m19:04:54.032050 [info ] [MainThread]: Registered adapter: snowflake=1.11.3
[0m19:04:54.085204 [debug] [MainThread]: checksum: b80718358155fc17c3559352095564dd56ada1cc1a1c0ef2e62c857e71583775, vars: {}, profile: , target: , version: 1.11.7
[0m19:04:54.156339 [debug] [MainThread]: Partial parsing enabled: 0 files deleted, 0 files added, 0 files changed.
[0m19:04:54.156532 [debug] [MainThread]: Nothing changed, skipping partial parsing.
[0m19:04:54.156637 [debug] [MainThread]: Partial parsing enabled, no changes found, skipping parsing
[0m19:04:54.156879 [warn ] [MainThread]: [[33mWARNING[0m]: Configuration paths exist in your dbt_project.yml file which do not apply to any resources.
There are 1 unused configuration paths:
- models.airbnb.dev
[0m19:04:54.158929 [debug] [MainThread]: Sending event: {'category': 'dbt', 'action': 'load_project', 'label': '616aadef-0838-4a13-b7e5-aadda878c7e1', 'context': [<snowplow_tracker.self_describing_json.SelfDescribingJson object at 0x10a809a50>]}
[0m19:04:54.176303 [debug] [MainThread]: Wrote artifact WritableManifest to /Users/arrakis/Documents/Courses/ae_dbt/course/target/manifest.json
[0m19:04:54.177869 [debug] [MainThread]: Wrote artifact SemanticManifest to /Users/arrakis/Documents/Courses/ae_dbt/course/target/semantic_manifest.json
[0m19:04:54.194060 [debug] [MainThread]: Sending event: {'category': 'dbt', 'action': 'resource_counts', 'label': '616aadef-0838-4a13-b7e5-aadda878c7e1', 'context': [<snowplow_tracker.self_describing_json.SelfDescribingJson object at 0x10a246030>]}
[0m19:04:54.194282 [info ] [MainThread]: Found 522 macros
[0m19:04:54.194421 [debug] [MainThread]: Sending event: {'category': 'dbt', 'action': 'runnable_timing', 'label': '616aadef-0838-4a13-b7e5-aadda878c7e1', 'context': [<snowplow_tracker.self_describing_json.SelfDescribingJson object at 0x10a6b6dd0>]}
[0m19:04:54.194993 [warn ] [MainThread]: Nothing to do. Try checking your model configs and model specification args
[0m19:04:54.195746 [debug] [MainThread]: Command end result
[0m19:04:54.203481 [debug] [MainThread]: Wrote artifact WritableManifest to /Users/arrakis/Documents/Courses/ae_dbt/course/target/manifest.json
[0m19:04:54.204535 [debug] [MainThread]: Wrote artifact SemanticManifest to /Users/arrakis/Documents/Courses/ae_dbt/course/target/semantic_manifest.json
[0m19:04:54.206120 [debug] [MainThread]: Wrote artifact RunExecutionResult to /Users/arrakis/Documents/Courses/ae_dbt/course/target/run_results.json
[0m19:04:54.206390 [debug] [MainThread]: Resource report: {"command_name": "run", "command_success": true, "command_wall_clock_time": 0.67467993, "process_in_blocks": "0", "process_kernel_time": 0.253858, "process_mem_max_rss": "155090944", "process_out_blocks": "0", "process_user_time": 0.80498}
[0m19:04:54.206617 [debug] [MainThread]: Command `dbt run` succeeded at 19:04:54.206578 after 0.67 seconds
[0m19:04:54.206766 [debug] [MainThread]: Sending event: {'category': 'dbt', 'action': 'invocation', 'label': 'end', 'context': [<snowplow_tracker.self_describing_json.SelfDescribingJson object at 0x10a8c3ee0>, <snowplow_tracker.self_describing_json.SelfDescribingJson object at 0x1094a0dd0>, <snowplow_tracker.self_describing_json.SelfDescribingJson object at 0x10a87dfd0>]}
[0m19:04:54.206896 [debug] [MainThread]: Flushing usage events
[0m19:04:54.312103 [debug] [MainThread]: An error was encountered while trying to flush usage events
[0m19:09:49.739486 [debug] [MainThread]: Sending event: {'category': 'dbt', 'action': 'invocation', 'label': 'start', 'context': [<snowplow_tracker.self_describing_json.SelfDescribingJson object at 0x10c38b0e0>, <snowplow_tracker.self_describing_json.SelfDescribingJson object at 0x10d9034d0>, <snowplow_tracker.self_describing_json.SelfDescribingJson object at 0x10d903610>]}


============================== 19:09:49.742412 | ed6a4cdf-d1ea-4d24-9bb8-df5f1df1cf83 ==============================
[0m19:09:49.742412 [info ] [MainThread]: Running with dbt=1.11.7
[0m19:09:49.742678 [debug] [MainThread]: running dbt with arguments {'warn_error_options': 'WarnErrorOptionsV2(error=[], warn=[], silence=[])', 'write_json': 'True', 'use_experimental_parser': 'False', 'use_colors': 'True', 'empty': 'False', 'static_parser': 'True', 'log_cache_events': 'False', 'cache_selected_only': 'False', 'log_format': 'default', 'introspect': 'True', 'invocation_command': 'dbt run', 'send_anonymous_usage_stats': 'True', 'quiet': 'False', 'debug': 'False', 'fail_fast': 'False', 'profiles_dir': '/Users/arrakis/.dbt', 'target_path': 'None', 'indirect_selection': 'eager', 'version_check': 'True', 'no_print': 'None', 'printer_width': '80', 'warn_error': 'None', 'partial_parse': 'True', 'log_path': '/Users/arrakis/Documents/Courses/ae_dbt/course/logs'}
[0m19:09:50.075271 [debug] [MainThread]: Snowflake adapter: Setting snowflake.connector to ERROR (file logging only)
[0m19:09:50.075512 [debug] [MainThread]: Snowflake adapter: Setting botocore to ERROR (file logging only)
[0m19:09:50.075656 [debug] [MainThread]: Snowflake adapter: Setting boto3 to ERROR (file logging only)
[0m19:09:50.200627 [debug] [MainThread]: Sending event: {'category': 'dbt', 'action': 'project_id', 'label': 'ed6a4cdf-d1ea-4d24-9bb8-df5f1df1cf83', 'context': [<snowplow_tracker.self_describing_json.SelfDescribingJson object at 0x10cc2c770>]}
[0m19:09:50.227691 [debug] [MainThread]: Sending event: {'category': 'dbt', 'action': 'adapter_info', 'label': 'ed6a4cdf-d1ea-4d24-9bb8-df5f1df1cf83', 'context': [<snowplow_tracker.self_describing_json.SelfDescribingJson object at 0x10e89e9c0>]}
[0m19:09:50.228510 [info ] [MainThread]: Registered adapter: snowflake=1.11.3
[0m19:09:50.283227 [debug] [MainThread]: checksum: b80718358155fc17c3559352095564dd56ada1cc1a1c0ef2e62c857e71583775, vars: {}, profile: , target: , version: 1.11.7
[0m19:09:50.363363 [debug] [MainThread]: Partial parsing enabled: 0 files deleted, 0 files added, 0 files changed.
[0m19:09:50.363545 [debug] [MainThread]: Nothing changed, skipping partial parsing.
[0m19:09:50.363648 [debug] [MainThread]: Partial parsing enabled, no changes found, skipping parsing
[0m19:09:50.363906 [warn ] [MainThread]: [[33mWARNING[0m]: Configuration paths exist in your dbt_project.yml file which do not apply to any resources.
There are 1 unused configuration paths:
- models.airbnb.dev
[0m19:09:50.365985 [debug] [MainThread]: Sending event: {'category': 'dbt', 'action': 'load_project', 'label': 'ed6a4cdf-d1ea-4d24-9bb8-df5f1df1cf83', 'context': [<snowplow_tracker.self_describing_json.SelfDescribingJson object at 0x10eca9a50>]}
[0m19:09:50.383790 [debug] [MainThread]: Wrote artifact WritableManifest to /Users/arrakis/Documents/Courses/ae_dbt/course/target/manifest.json
[0m19:09:50.385459 [debug] [MainThread]: Wrote artifact SemanticManifest to /Users/arrakis/Documents/Courses/ae_dbt/course/target/semantic_manifest.json
[0m19:09:50.404350 [debug] [MainThread]: Sending event: {'category': 'dbt', 'action': 'resource_counts', 'label': 'ed6a4cdf-d1ea-4d24-9bb8-df5f1df1cf83', 'context': [<snowplow_tracker.self_describing_json.SelfDescribingJson object at 0x10e6e6030>]}
[0m19:09:50.404573 [info ] [MainThread]: Found 522 macros
[0m19:09:50.404699 [debug] [MainThread]: Sending event: {'category': 'dbt', 'action': 'runnable_timing', 'label': 'ed6a4cdf-d1ea-4d24-9bb8-df5f1df1cf83', 'context': [<snowplow_tracker.self_describing_json.SelfDescribingJson object at 0x10eb56dd0>]}
[0m19:09:50.405302 [warn ] [MainThread]: Nothing to do. Try checking your model configs and model specification args
[0m19:09:50.406098 [debug] [MainThread]: Command end result
[0m19:09:50.415087 [debug] [MainThread]: Wrote artifact WritableManifest to /Users/arrakis/Documents/Courses/ae_dbt/course/target/manifest.json
[0m19:09:50.416366 [debug] [MainThread]: Wrote artifact SemanticManifest to /Users/arrakis/Documents/Courses/ae_dbt/course/target/semantic_manifest.json
[0m19:09:50.418256 [debug] [MainThread]: Wrote artifact RunExecutionResult to /Users/arrakis/Documents/Courses/ae_dbt/course/target/run_results.json
[0m19:09:50.418574 [debug] [MainThread]: Resource report: {"command_name": "run", "command_success": true, "command_wall_clock_time": 0.7331552, "process_in_blocks": "0", "process_kernel_time": 0.285873, "process_mem_max_rss": "154943488", "process_out_blocks": "0", "process_user_time": 0.835287}
[0m19:09:50.418813 [debug] [MainThread]: Command `dbt run` succeeded at 19:09:50.418774 after 0.73 seconds
[0m19:09:50.418971 [debug] [MainThread]: Sending event: {'category': 'dbt', 'action': 'invocation', 'label': 'end', 'context': [<snowplow_tracker.self_describing_json.SelfDescribingJson object at 0x10ed63ee0>, <snowplow_tracker.self_describing_json.SelfDescribingJson object at 0x10d944dd0>, <snowplow_tracker.self_describing_json.SelfDescribingJson object at 0x10ed21fd0>]}
[0m19:09:50.419116 [debug] [MainThread]: Flushing usage events
[0m19:09:50.590072 [debug] [MainThread]: An error was encountered while trying to flush usage events
[0m19:10:05.156976 [debug] [MainThread]: Sending event: {'category': 'dbt', 'action': 'invocation', 'label': 'start', 'context': [<snowplow_tracker.self_describing_json.SelfDescribingJson object at 0x1080bf0e0>, <snowplow_tracker.self_describing_json.SelfDescribingJson object at 0x1096374d0>, <snowplow_tracker.self_describing_json.SelfDescribingJson object at 0x109637610>]}


============================== 19:10:05.159789 | 1284fa61-3730-4be9-af28-42fa1cc5de27 ==============================
[0m19:10:05.159789 [info ] [MainThread]: Running with dbt=1.11.7
[0m19:10:05.160049 [debug] [MainThread]: running dbt with arguments {'debug': 'False', 'profiles_dir': '/Users/arrakis/.dbt', 'log_cache_events': 'False', 'empty': 'False', 'target_path': 'None', 'log_format': 'default', 'partial_parse': 'True', 'fail_fast': 'False', 'write_json': 'True', 'cache_selected_only': 'False', 'printer_width': '80', 'indirect_selection': 'eager', 'use_experimental_parser': 'False', 'invocation_command': 'dbt run --full-refresh -m airbnb', 'warn_error_options': 'WarnErrorOptionsV2(error=[], warn=[], silence=[])', 'static_parser': 'True', 'send_anonymous_usage_stats': 'True', 'log_path': '/Users/arrakis/Documents/Courses/ae_dbt/course/logs', 'quiet': 'False', 'no_print': 'None', 'warn_error': 'None', 'introspect': 'True', 'use_colors': 'True', 'version_check': 'True'}
[0m19:10:05.160240 [warn ] [MainThread]: [[33mWARNING[0m]: Deprecated functionality
Usage of `--models`, `--model`, and `-m` is deprecated in favor of `--select` or
`-s`.
[0m19:10:05.160383 [debug] [MainThread]: Sending event: {'category': 'dbt', 'action': 'deprecation', 'label': '1284fa61-3730-4be9-af28-42fa1cc5de27', 'property_': 'warn', 'context': [<snowplow_tracker.self_describing_json.SelfDescribingJson object at 0x109669350>]}
[0m19:10:05.452847 [debug] [MainThread]: Snowflake adapter: Setting snowflake.connector to ERROR (file logging only)
[0m19:10:05.453086 [debug] [MainThread]: Snowflake adapter: Setting botocore to ERROR (file logging only)
[0m19:10:05.453216 [debug] [MainThread]: Snowflake adapter: Setting boto3 to ERROR (file logging only)
[0m19:10:05.568919 [debug] [MainThread]: Sending event: {'category': 'dbt', 'action': 'project_id', 'label': '1284fa61-3730-4be9-af28-42fa1cc5de27', 'context': [<snowplow_tracker.self_describing_json.SelfDescribingJson object at 0x10a5ce470>]}
[0m19:10:05.595897 [debug] [MainThread]: Sending event: {'category': 'dbt', 'action': 'adapter_info', 'label': '1284fa61-3730-4be9-af28-42fa1cc5de27', 'context': [<snowplow_tracker.self_describing_json.SelfDescribingJson object at 0x10959c250>]}
[0m19:10:05.596647 [info ] [MainThread]: Registered adapter: snowflake=1.11.3
[0m19:10:05.650345 [debug] [MainThread]: checksum: b80718358155fc17c3559352095564dd56ada1cc1a1c0ef2e62c857e71583775, vars: {}, profile: , target: , version: 1.11.7
[0m19:10:05.740001 [debug] [MainThread]: Partial parsing enabled: 0 files deleted, 0 files added, 0 files changed.
[0m19:10:05.740216 [debug] [MainThread]: Nothing changed, skipping partial parsing.
[0m19:10:05.740347 [debug] [MainThread]: Partial parsing enabled, no changes found, skipping parsing
[0m19:10:05.740635 [warn ] [MainThread]: [[33mWARNING[0m]: Configuration paths exist in your dbt_project.yml file which do not apply to any resources.
There are 1 unused configuration paths:
- models.airbnb.dev
[0m19:10:05.742801 [debug] [MainThread]: Sending event: {'category': 'dbt', 'action': 'load_project', 'label': '1284fa61-3730-4be9-af28-42fa1cc5de27', 'context': [<snowplow_tracker.self_describing_json.SelfDescribingJson object at 0x10a9f1040>]}
[0m19:10:05.760523 [debug] [MainThread]: Wrote artifact WritableManifest to /Users/arrakis/Documents/Courses/ae_dbt/course/target/manifest.json
[0m19:10:05.762214 [debug] [MainThread]: Wrote artifact SemanticManifest to /Users/arrakis/Documents/Courses/ae_dbt/course/target/semantic_manifest.json
[0m19:10:05.781353 [debug] [MainThread]: Sending event: {'category': 'dbt', 'action': 'resource_counts', 'label': '1284fa61-3730-4be9-af28-42fa1cc5de27', 'context': [<snowplow_tracker.self_describing_json.SelfDescribingJson object at 0x10a88b690>]}
[0m19:10:05.781574 [info ] [MainThread]: Found 522 macros
[0m19:10:05.781711 [debug] [MainThread]: Sending event: {'category': 'dbt', 'action': 'runnable_timing', 'label': '1284fa61-3730-4be9-af28-42fa1cc5de27', 'context': [<snowplow_tracker.self_describing_json.SelfDescribingJson object at 0x10aa97ee0>]}
[0m19:10:05.781942 [warn ] [MainThread]: The selection criterion 'airbnb' does not match any enabled nodes
[0m19:10:05.782414 [warn ] [MainThread]: Nothing to do. Try checking your model configs and model specification args
[0m19:10:05.783169 [debug] [MainThread]: Command end result
[0m19:10:05.813442 [debug] [MainThread]: Wrote artifact WritableManifest to /Users/arrakis/Documents/Courses/ae_dbt/course/target/manifest.json
[0m19:10:05.814600 [debug] [MainThread]: Wrote artifact SemanticManifest to /Users/arrakis/Documents/Courses/ae_dbt/course/target/semantic_manifest.json
[0m19:10:05.816296 [debug] [MainThread]: Wrote artifact RunExecutionResult to /Users/arrakis/Documents/Courses/ae_dbt/course/target/run_results.json
[0m19:10:05.816552 [warn ] [MainThread]: [[33mWARNING[0m][DeprecationsSummary]: Deprecated functionality
Summary of encountered deprecations:
- ModelParamUsageDeprecation: 1 occurrence
To see all deprecation instances instead of just the first occurrence of each,
run command again with the `--show-all-deprecations` flag. You may also need to
run with `--no-partial-parse` as some deprecations are only encountered during
parsing.
[0m19:10:05.816842 [debug] [MainThread]: Resource report: {"command_name": "run", "command_success": true, "command_wall_clock_time": 0.704808, "process_in_blocks": "0", "process_kernel_time": 0.230386, "process_mem_max_rss": "154894336", "process_out_blocks": "0", "process_user_time": 0.808481}
[0m19:10:05.817072 [debug] [MainThread]: Command `dbt run` succeeded at 19:10:05.817034 after 0.71 seconds
[0m19:10:05.817231 [debug] [MainThread]: Sending event: {'category': 'dbt', 'action': 'invocation', 'label': 'end', 'context': [<snowplow_tracker.self_describing_json.SelfDescribingJson object at 0x109680d10>, <snowplow_tracker.self_describing_json.SelfDescribingJson object at 0x10aad4b50>, <snowplow_tracker.self_describing_json.SelfDescribingJson object at 0x10aad4c00>]}
[0m19:10:05.817370 [debug] [MainThread]: Flushing usage events
[0m19:10:05.917553 [debug] [MainThread]: An error was encountered while trying to flush usage events
[0m19:15:49.366810 [debug] [MainThread]: Sending event: {'category': 'dbt', 'action': 'invocation', 'label': 'start', 'context': [<snowplow_tracker.self_describing_json.SelfDescribingJson object at 0x10c4c30e0>, <snowplow_tracker.self_describing_json.SelfDescribingJson object at 0x10da3b4d0>, <snowplow_tracker.self_describing_json.SelfDescribingJson object at 0x10da3b610>]}


============================== 19:15:49.369814 | d4a65929-7847-4bf3-8229-68fcca8b2126 ==============================
[0m19:15:49.369814 [info ] [MainThread]: Running with dbt=1.11.7
[0m19:15:49.370076 [debug] [MainThread]: running dbt with arguments {'invocation_command': 'dbt run', 'use_experimental_parser': 'False', 'introspect': 'True', 'debug': 'False', 'no_print': 'None', 'static_parser': 'True', 'indirect_selection': 'eager', 'log_path': '/Users/arrakis/Documents/Courses/ae_dbt/course/logs', 'partial_parse': 'True', 'printer_width': '80', 'write_json': 'True', 'target_path': 'None', 'use_colors': 'True', 'warn_error': 'None', 'fail_fast': 'False', 'profiles_dir': '/Users/arrakis/.dbt', 'send_anonymous_usage_stats': 'True', 'quiet': 'False', 'cache_selected_only': 'False', 'log_format': 'default', 'warn_error_options': 'WarnErrorOptionsV2(error=[], warn=[], silence=[])', 'empty': 'False', 'version_check': 'True', 'log_cache_events': 'False'}
[0m19:15:49.688456 [debug] [MainThread]: Snowflake adapter: Setting snowflake.connector to ERROR (file logging only)
[0m19:15:49.688692 [debug] [MainThread]: Snowflake adapter: Setting botocore to ERROR (file logging only)
[0m19:15:49.688831 [debug] [MainThread]: Snowflake adapter: Setting boto3 to ERROR (file logging only)
[0m19:15:49.724263 [warn ] [MainThread]: [[33mWARNING[0m][MissingPlusPrefixDeprecation]: Deprecated functionality
Missing '+' prefix on `airbnb` found at `airbnb` in file
`/Users/arrakis/Documents/Courses/ae_dbt/course/dbt_project.yml`. Hierarchical
config values without a '+' prefix are deprecated in dbt_project.yml.
[0m19:15:49.724506 [debug] [MainThread]: Sending event: {'category': 'dbt', 'action': 'deprecation', 'label': 'd4a65929-7847-4bf3-8229-68fcca8b2126', 'property_': 'warn', 'context': [<snowplow_tracker.self_describing_json.SelfDescribingJson object at 0x10e9cde00>]}
[0m19:15:49.806426 [debug] [MainThread]: Sending event: {'category': 'dbt', 'action': 'project_id', 'label': 'd4a65929-7847-4bf3-8229-68fcca8b2126', 'context': [<snowplow_tracker.self_describing_json.SelfDescribingJson object at 0x10ea0a470>]}
[0m19:15:49.833579 [debug] [MainThread]: Sending event: {'category': 'dbt', 'action': 'adapter_info', 'label': 'd4a65929-7847-4bf3-8229-68fcca8b2126', 'context': [<snowplow_tracker.self_describing_json.SelfDescribingJson object at 0x10d9a0250>]}
[0m19:15:49.834432 [info ] [MainThread]: Registered adapter: snowflake=1.11.3
[0m19:15:49.888785 [debug] [MainThread]: checksum: b80718358155fc17c3559352095564dd56ada1cc1a1c0ef2e62c857e71583775, vars: {}, profile: , target: , version: 1.11.7
[0m19:15:49.905273 [info ] [MainThread]: Unable to do partial parsing because a project config has changed
[0m19:15:49.905509 [debug] [MainThread]: Sending event: {'category': 'dbt', 'action': 'partial_parser', 'label': 'd4a65929-7847-4bf3-8229-68fcca8b2126', 'context': [<snowplow_tracker.self_describing_json.SelfDescribingJson object at 0x10e8525d0>]}
[0m19:15:50.236053 [warn ] [MainThread]: [[33mWARNING[0m]: Configuration paths exist in your dbt_project.yml file which do not apply to any resources.
There are 1 unused configuration paths:
- models
[0m19:15:50.237876 [debug] [MainThread]: Sending event: {'category': 'dbt', 'action': 'load_project', 'label': 'd4a65929-7847-4bf3-8229-68fcca8b2126', 'context': [<snowplow_tracker.self_describing_json.SelfDescribingJson object at 0x10ecc2190>]}
[0m19:15:50.252756 [debug] [MainThread]: Wrote artifact WritableManifest to /Users/arrakis/Documents/Courses/ae_dbt/course/target/manifest.json
[0m19:15:50.254893 [debug] [MainThread]: Wrote artifact SemanticManifest to /Users/arrakis/Documents/Courses/ae_dbt/course/target/semantic_manifest.json
[0m19:15:50.272405 [debug] [MainThread]: Sending event: {'category': 'dbt', 'action': 'resource_counts', 'label': 'd4a65929-7847-4bf3-8229-68fcca8b2126', 'context': [<snowplow_tracker.self_describing_json.SelfDescribingJson object at 0x10f9364e0>]}
[0m19:15:50.272624 [info ] [MainThread]: Found 522 macros
[0m19:15:50.272758 [debug] [MainThread]: Sending event: {'category': 'dbt', 'action': 'runnable_timing', 'label': 'd4a65929-7847-4bf3-8229-68fcca8b2126', 'context': [<snowplow_tracker.self_describing_json.SelfDescribingJson object at 0x10f905550>]}
[0m19:15:50.273349 [warn ] [MainThread]: Nothing to do. Try checking your model configs and model specification args
[0m19:15:50.273570 [debug] [MainThread]: Command end result
[0m19:15:50.290822 [debug] [MainThread]: Wrote artifact WritableManifest to /Users/arrakis/Documents/Courses/ae_dbt/course/target/manifest.json
[0m19:15:50.291932 [debug] [MainThread]: Wrote artifact SemanticManifest to /Users/arrakis/Documents/Courses/ae_dbt/course/target/semantic_manifest.json
[0m19:15:50.293629 [debug] [MainThread]: Wrote artifact RunExecutionResult to /Users/arrakis/Documents/Courses/ae_dbt/course/target/run_results.json
[0m19:15:50.293924 [warn ] [MainThread]: [[33mWARNING[0m][DeprecationsSummary]: Deprecated functionality
Summary of encountered deprecations:
- MissingPlusPrefixDeprecation: 1 occurrence
To see all deprecation instances instead of just the first occurrence of each,
run command again with the `--show-all-deprecations` flag. You may also need to
run with `--no-partial-parse` as some deprecations are only encountered during
parsing.
[0m19:15:50.294235 [debug] [MainThread]: Resource report: {"command_name": "run", "command_success": true, "command_wall_clock_time": 0.97998023, "process_in_blocks": "0", "process_kernel_time": 0.263353, "process_mem_max_rss": "155959296", "process_out_blocks": "0", "process_user_time": 1.076458}
[0m19:15:50.294486 [debug] [MainThread]: Command `dbt run` succeeded at 19:15:50.294447 after 0.98 seconds
[0m19:15:50.294631 [debug] [MainThread]: Sending event: {'category': 'dbt', 'action': 'invocation', 'label': 'end', 'context': [<snowplow_tracker.self_describing_json.SelfDescribingJson object at 0x10f9c12e0>, <snowplow_tracker.self_describing_json.SelfDescribingJson object at 0x10f9b5630>, <snowplow_tracker.self_describing_json.SelfDescribingJson object at 0x10f9b7a70>]}
[0m19:15:50.294763 [debug] [MainThread]: Flushing usage events
[0m19:15:50.453708 [debug] [MainThread]: An error was encountered while trying to flush usage events
[0m19:16:31.779046 [debug] [MainThread]: Sending event: {'category': 'dbt', 'action': 'invocation', 'label': 'start', 'context': [<snowplow_tracker.self_describing_json.SelfDescribingJson object at 0x108e330e0>, <snowplow_tracker.self_describing_json.SelfDescribingJson object at 0x10a3ab4d0>, <snowplow_tracker.self_describing_json.SelfDescribingJson object at 0x10a3ab610>]}


============================== 19:16:31.781523 | 74e5a2d5-fcac-4ad9-bdb6-c2bc87dd3786 ==============================
[0m19:16:31.781523 [info ] [MainThread]: Running with dbt=1.11.7
[0m19:16:31.781805 [debug] [MainThread]: running dbt with arguments {'profiles_dir': '/Users/arrakis/.dbt', 'static_parser': 'True', 'invocation_command': 'dbt run --full-refresh -m airbnb', 'write_json': 'True', 'debug': 'False', 'printer_width': '80', 'warn_error_options': 'WarnErrorOptionsV2(error=[], warn=[], silence=[])', 'use_experimental_parser': 'False', 'no_print': 'None', 'empty': 'False', 'log_format': 'default', 'log_cache_events': 'False', 'partial_parse': 'True', 'send_anonymous_usage_stats': 'True', 'fail_fast': 'False', 'indirect_selection': 'eager', 'warn_error': 'None', 'version_check': 'True', 'target_path': 'None', 'log_path': '/Users/arrakis/Documents/Courses/ae_dbt/course/logs', 'cache_selected_only': 'False', 'use_colors': 'True', 'introspect': 'True', 'quiet': 'False'}
[0m19:16:31.781995 [warn ] [MainThread]: [[33mWARNING[0m]: Deprecated functionality
Usage of `--models`, `--model`, and `-m` is deprecated in favor of `--select` or
`-s`.
[0m19:16:31.782140 [debug] [MainThread]: Sending event: {'category': 'dbt', 'action': 'deprecation', 'label': '74e5a2d5-fcac-4ad9-bdb6-c2bc87dd3786', 'property_': 'warn', 'context': [<snowplow_tracker.self_describing_json.SelfDescribingJson object at 0x10a3dd350>]}
[0m19:16:32.050876 [debug] [MainThread]: Snowflake adapter: Setting snowflake.connector to ERROR (file logging only)
[0m19:16:32.051119 [debug] [MainThread]: Snowflake adapter: Setting botocore to ERROR (file logging only)
[0m19:16:32.051261 [debug] [MainThread]: Snowflake adapter: Setting boto3 to ERROR (file logging only)
[0m19:16:32.085401 [warn ] [MainThread]: [[33mWARNING[0m][MissingPlusPrefixDeprecation]: Deprecated functionality
Missing '+' prefix on `airbnb` found at `airbnb` in file
`/Users/arrakis/Documents/Courses/ae_dbt/course/dbt_project.yml`. Hierarchical
config values without a '+' prefix are deprecated in dbt_project.yml.
[0m19:16:32.085626 [debug] [MainThread]: Sending event: {'category': 'dbt', 'action': 'deprecation', 'label': '74e5a2d5-fcac-4ad9-bdb6-c2bc87dd3786', 'property_': 'warn', 'context': [<snowplow_tracker.self_describing_json.SelfDescribingJson object at 0x10b3788d0>]}
[0m19:16:32.166015 [debug] [MainThread]: Sending event: {'category': 'dbt', 'action': 'project_id', 'label': '74e5a2d5-fcac-4ad9-bdb6-c2bc87dd3786', 'context': [<snowplow_tracker.self_describing_json.SelfDescribingJson object at 0x10b15de50>]}
[0m19:16:32.193061 [debug] [MainThread]: Sending event: {'category': 'dbt', 'action': 'adapter_info', 'label': '74e5a2d5-fcac-4ad9-bdb6-c2bc87dd3786', 'context': [<snowplow_tracker.self_describing_json.SelfDescribingJson object at 0x10944caa0>]}
[0m19:16:32.193686 [info ] [MainThread]: Registered adapter: snowflake=1.11.3
[0m19:16:32.243026 [debug] [MainThread]: checksum: b80718358155fc17c3559352095564dd56ada1cc1a1c0ef2e62c857e71583775, vars: {}, profile: , target: , version: 1.11.7
[0m19:16:32.301439 [debug] [MainThread]: Partial parsing enabled: 0 files deleted, 0 files added, 0 files changed.
[0m19:16:32.301617 [debug] [MainThread]: Nothing changed, skipping partial parsing.
[0m19:16:32.301722 [debug] [MainThread]: Partial parsing enabled, no changes found, skipping parsing
[0m19:16:32.301973 [warn ] [MainThread]: [[33mWARNING[0m]: Configuration paths exist in your dbt_project.yml file which do not apply to any resources.
There are 1 unused configuration paths:
- models
[0m19:16:32.304015 [debug] [MainThread]: Sending event: {'category': 'dbt', 'action': 'load_project', 'label': '74e5a2d5-fcac-4ad9-bdb6-c2bc87dd3786', 'context': [<snowplow_tracker.self_describing_json.SelfDescribingJson object at 0x10b633bd0>]}
[0m19:16:32.321631 [debug] [MainThread]: Wrote artifact WritableManifest to /Users/arrakis/Documents/Courses/ae_dbt/course/target/manifest.json
[0m19:16:32.322967 [debug] [MainThread]: Wrote artifact SemanticManifest to /Users/arrakis/Documents/Courses/ae_dbt/course/target/semantic_manifest.json
[0m19:16:32.333545 [debug] [MainThread]: Sending event: {'category': 'dbt', 'action': 'resource_counts', 'label': '74e5a2d5-fcac-4ad9-bdb6-c2bc87dd3786', 'context': [<snowplow_tracker.self_describing_json.SelfDescribingJson object at 0x10c2ff5f0>]}
[0m19:16:32.333756 [info ] [MainThread]: Found 522 macros
[0m19:16:32.333891 [debug] [MainThread]: Sending event: {'category': 'dbt', 'action': 'runnable_timing', 'label': '74e5a2d5-fcac-4ad9-bdb6-c2bc87dd3786', 'context': [<snowplow_tracker.self_describing_json.SelfDescribingJson object at 0x10b355310>]}
[0m19:16:32.334110 [warn ] [MainThread]: The selection criterion 'airbnb' does not match any enabled nodes
[0m19:16:32.334540 [warn ] [MainThread]: Nothing to do. Try checking your model configs and model specification args
[0m19:16:32.335264 [debug] [MainThread]: Command end result
[0m19:16:32.359503 [debug] [MainThread]: Wrote artifact WritableManifest to /Users/arrakis/Documents/Courses/ae_dbt/course/target/manifest.json
[0m19:16:32.360616 [debug] [MainThread]: Wrote artifact SemanticManifest to /Users/arrakis/Documents/Courses/ae_dbt/course/target/semantic_manifest.json
[0m19:16:32.362226 [debug] [MainThread]: Wrote artifact RunExecutionResult to /Users/arrakis/Documents/Courses/ae_dbt/course/target/run_results.json
[0m19:16:32.362471 [warn ] [MainThread]: [[33mWARNING[0m][DeprecationsSummary]: Deprecated functionality
Summary of encountered deprecations:
- ModelParamUsageDeprecation: 1 occurrence
- MissingPlusPrefixDeprecation: 1 occurrence
To see all deprecation instances instead of just the first occurrence of each,
run command again with the `--show-all-deprecations` flag. You may also need to
run with `--no-partial-parse` as some deprecations are only encountered during
parsing.
[0m19:16:32.362746 [debug] [MainThread]: Resource report: {"command_name": "run", "command_success": true, "command_wall_clock_time": 0.627049, "process_in_blocks": "0", "process_kernel_time": 0.235722, "process_mem_max_rss": "155041792", "process_out_blocks": "0", "process_user_time": 0.804519}
[0m19:16:32.362958 [debug] [MainThread]: Command `dbt run` succeeded at 19:16:32.362921 after 0.63 seconds
[0m19:16:32.363101 [debug] [MainThread]: Sending event: {'category': 'dbt', 'action': 'invocation', 'label': 'end', 'context': [<snowplow_tracker.self_describing_json.SelfDescribingJson object at 0x10c2e8b50>, <snowplow_tracker.self_describing_json.SelfDescribingJson object at 0x10c2e2850>, <snowplow_tracker.self_describing_json.SelfDescribingJson object at 0x10c2e2530>]}
[0m19:16:32.363232 [debug] [MainThread]: Flushing usage events
[0m19:16:32.477192 [debug] [MainThread]: An error was encountered while trying to flush usage events
[0m19:17:49.546790 [debug] [MainThread]: Sending event: {'category': 'dbt', 'action': 'invocation', 'label': 'start', 'context': [<snowplow_tracker.self_describing_json.SelfDescribingJson object at 0x1084c70e0>, <snowplow_tracker.self_describing_json.SelfDescribingJson object at 0x109a3f4d0>, <snowplow_tracker.self_describing_json.SelfDescribingJson object at 0x109a3f610>]}


============================== 19:17:49.557605 | c93e63be-81d3-4f16-8a32-a98f25d84c73 ==============================
[0m19:17:49.557605 [info ] [MainThread]: Running with dbt=1.11.7
[0m19:17:49.558005 [debug] [MainThread]: running dbt with arguments {'send_anonymous_usage_stats': 'True', 'profiles_dir': '/Users/arrakis/.dbt', 'introspect': 'True', 'warn_error': 'None', 'partial_parse': 'True', 'empty': 'False', 'printer_width': '80', 'no_print': 'None', 'cache_selected_only': 'False', 'use_experimental_parser': 'False', 'warn_error_options': 'WarnErrorOptionsV2(error=[], warn=[], silence=[])', 'use_colors': 'True', 'fail_fast': 'False', 'version_check': 'True', 'invocation_command': 'dbt run --full-refresh -m airbnb', 'static_parser': 'True', 'indirect_selection': 'eager', 'debug': 'False', 'log_format': 'default', 'log_cache_events': 'False', 'log_path': '/Users/arrakis/Documents/Courses/ae_dbt/course/logs', 'quiet': 'False', 'target_path': 'None', 'write_json': 'True'}
[0m19:17:49.558303 [warn ] [MainThread]: [[33mWARNING[0m]: Deprecated functionality
Usage of `--models`, `--model`, and `-m` is deprecated in favor of `--select` or
`-s`.
[0m19:17:49.558524 [debug] [MainThread]: Sending event: {'category': 'dbt', 'action': 'deprecation', 'label': 'c93e63be-81d3-4f16-8a32-a98f25d84c73', 'property_': 'warn', 'context': [<snowplow_tracker.self_describing_json.SelfDescribingJson object at 0x109a71350>]}
[0m19:17:52.294386 [debug] [MainThread]: Snowflake adapter: Setting snowflake.connector to ERROR (file logging only)
[0m19:17:52.296094 [debug] [MainThread]: Snowflake adapter: Setting botocore to ERROR (file logging only)
[0m19:17:52.297202 [debug] [MainThread]: Snowflake adapter: Setting boto3 to ERROR (file logging only)
[0m19:17:52.457338 [warn ] [MainThread]: [[33mWARNING[0m][MissingPlusPrefixDeprecation]: Deprecated functionality
Missing '+' prefix on `airbnb` found at `airbnb` in file
`/Users/arrakis/Documents/Courses/ae_dbt/course/dbt_project.yml`. Hierarchical
config values without a '+' prefix are deprecated in dbt_project.yml.
[0m19:17:52.457707 [debug] [MainThread]: Sending event: {'category': 'dbt', 'action': 'deprecation', 'label': 'c93e63be-81d3-4f16-8a32-a98f25d84c73', 'property_': 'warn', 'context': [<snowplow_tracker.self_describing_json.SelfDescribingJson object at 0x10a9d88d0>]}
[0m19:17:52.550023 [debug] [MainThread]: Sending event: {'category': 'dbt', 'action': 'project_id', 'label': 'c93e63be-81d3-4f16-8a32-a98f25d84c73', 'context': [<snowplow_tracker.self_describing_json.SelfDescribingJson object at 0x10a7bde50>]}
[0m19:17:52.578757 [debug] [MainThread]: Sending event: {'category': 'dbt', 'action': 'adapter_info', 'label': 'c93e63be-81d3-4f16-8a32-a98f25d84c73', 'context': [<snowplow_tracker.self_describing_json.SelfDescribingJson object at 0x108ae0aa0>]}
[0m19:17:52.581409 [info ] [MainThread]: Registered adapter: snowflake=1.11.3
[0m19:17:52.671152 [debug] [MainThread]: checksum: b80718358155fc17c3559352095564dd56ada1cc1a1c0ef2e62c857e71583775, vars: {}, profile: , target: , version: 1.11.7
[0m19:17:53.054316 [debug] [MainThread]: Partial parsing enabled: 0 files deleted, 0 files added, 0 files changed.
[0m19:17:53.054968 [debug] [MainThread]: Nothing changed, skipping partial parsing.
[0m19:17:53.055320 [debug] [MainThread]: Partial parsing enabled, no changes found, skipping parsing
[0m19:17:53.056103 [warn ] [MainThread]: [[33mWARNING[0m]: Configuration paths exist in your dbt_project.yml file which do not apply to any resources.
There are 1 unused configuration paths:
- models
[0m19:17:53.061811 [debug] [MainThread]: Sending event: {'category': 'dbt', 'action': 'load_project', 'label': 'c93e63be-81d3-4f16-8a32-a98f25d84c73', 'context': [<snowplow_tracker.self_describing_json.SelfDescribingJson object at 0x10ac93bd0>]}
[0m19:17:53.102711 [debug] [MainThread]: Wrote artifact WritableManifest to /Users/arrakis/Documents/Courses/ae_dbt/course/target/manifest.json
[0m19:17:53.114813 [debug] [MainThread]: Wrote artifact SemanticManifest to /Users/arrakis/Documents/Courses/ae_dbt/course/target/semantic_manifest.json
[0m19:17:53.223059 [debug] [MainThread]: Sending event: {'category': 'dbt', 'action': 'resource_counts', 'label': 'c93e63be-81d3-4f16-8a32-a98f25d84c73', 'context': [<snowplow_tracker.self_describing_json.SelfDescribingJson object at 0x10aeeb5f0>]}
[0m19:17:53.223810 [info ] [MainThread]: Found 522 macros
[0m19:17:53.224171 [debug] [MainThread]: Sending event: {'category': 'dbt', 'action': 'runnable_timing', 'label': 'c93e63be-81d3-4f16-8a32-a98f25d84c73', 'context': [<snowplow_tracker.self_describing_json.SelfDescribingJson object at 0x10a9b5310>]}
[0m19:17:53.224866 [warn ] [MainThread]: The selection criterion 'airbnb' does not match any enabled nodes
[0m19:17:53.226064 [warn ] [MainThread]: Nothing to do. Try checking your model configs and model specification args
[0m19:17:53.228508 [debug] [MainThread]: Command end result
[0m19:17:53.245833 [debug] [MainThread]: Wrote artifact WritableManifest to /Users/arrakis/Documents/Courses/ae_dbt/course/target/manifest.json
[0m19:17:53.247644 [debug] [MainThread]: Wrote artifact SemanticManifest to /Users/arrakis/Documents/Courses/ae_dbt/course/target/semantic_manifest.json
[0m19:17:53.257495 [debug] [MainThread]: Wrote artifact RunExecutionResult to /Users/arrakis/Documents/Courses/ae_dbt/course/target/run_results.json
[0m19:17:53.257963 [warn ] [MainThread]: [[33mWARNING[0m][DeprecationsSummary]: Deprecated functionality
Summary of encountered deprecations:
- ModelParamUsageDeprecation: 1 occurrence
- MissingPlusPrefixDeprecation: 1 occurrence
To see all deprecation instances instead of just the first occurrence of each,
run command again with the `--show-all-deprecations` flag. You may also need to
run with `--no-partial-parse` as some deprecations are only encountered during
parsing.
[0m19:17:53.258461 [debug] [MainThread]: Resource report: {"command_name": "run", "command_success": true, "command_wall_clock_time": 3.820891, "process_in_blocks": "0", "process_kernel_time": 1.141913, "process_mem_max_rss": "156532736", "process_out_blocks": "0", "process_user_time": 2.32709}
[0m19:17:53.258861 [debug] [MainThread]: Command `dbt run` succeeded at 19:17:53.258799 after 3.82 seconds
[0m19:17:53.259153 [debug] [MainThread]: Sending event: {'category': 'dbt', 'action': 'invocation', 'label': 'end', 'context': [<snowplow_tracker.self_describing_json.SelfDescribingJson object at 0x10aec8b50>, <snowplow_tracker.self_describing_json.SelfDescribingJson object at 0x10aed2850>, <snowplow_tracker.self_describing_json.SelfDescribingJson object at 0x10aed2530>]}
[0m19:17:53.259399 [debug] [MainThread]: Flushing usage events
[0m19:17:53.436165 [debug] [MainThread]: An error was encountered while trying to flush usage events
[0m19:18:43.663132 [debug] [MainThread]: Sending event: {'category': 'dbt', 'action': 'invocation', 'label': 'start', 'context': [<snowplow_tracker.self_describing_json.SelfDescribingJson object at 0x10a18f0e0>, <snowplow_tracker.self_describing_json.SelfDescribingJson object at 0x10b7074d0>, <snowplow_tracker.self_describing_json.SelfDescribingJson object at 0x10b707610>]}


============================== 19:18:43.665800 | 8042cb20-eaff-476b-a9b7-7e774d4098fb ==============================
[0m19:18:43.665800 [info ] [MainThread]: Running with dbt=1.11.7
[0m19:18:43.666054 [debug] [MainThread]: running dbt with arguments {'version_check': 'True', 'log_cache_events': 'False', 'send_anonymous_usage_stats': 'True', 'partial_parse': 'True', 'invocation_command': 'dbt run --full-refresh -m airbnb', 'use_colors': 'True', 'debug': 'False', 'profiles_dir': '/Users/arrakis/.dbt', 'cache_selected_only': 'False', 'introspect': 'True', 'target_path': 'None', 'indirect_selection': 'eager', 'static_parser': 'True', 'log_format': 'default', 'fail_fast': 'False', 'log_path': 'logs', 'warn_error': 'None', 'quiet': 'False', 'write_json': 'True', 'printer_width': '80', 'warn_error_options': 'WarnErrorOptionsV2(error=[], warn=[], silence=[])', 'no_print': 'None', 'empty': 'False', 'use_experimental_parser': 'False'}
[0m19:18:43.666260 [warn ] [MainThread]: [[33mWARNING[0m]: Deprecated functionality
Usage of `--models`, `--model`, and `-m` is deprecated in favor of `--select` or
`-s`.
[0m19:18:43.666404 [debug] [MainThread]: Sending event: {'category': 'dbt', 'action': 'deprecation', 'label': '8042cb20-eaff-476b-a9b7-7e774d4098fb', 'property_': 'warn', 'context': [<snowplow_tracker.self_describing_json.SelfDescribingJson object at 0x10b739350>]}
[0m19:18:43.666658 [error] [MainThread]: Encountered an error:
Runtime Error
  No dbt_project.yml found at expected path /Users/arrakis/Documents/Courses/ae_dbt/course/dbt_project.yml
  Verify that each entry within packages.yml (and their transitive dependencies) contains a file named dbt_project.yml
  
[0m19:18:43.666856 [warn ] [MainThread]: [[33mWARNING[0m][DeprecationsSummary]: Deprecated functionality
Summary of encountered deprecations:
- ModelParamUsageDeprecation: 1 occurrence
To see all deprecation instances instead of just the first occurrence of each,
run command again with the `--show-all-deprecations` flag. You may also need to
run with `--no-partial-parse` as some deprecations are only encountered during
parsing.
[0m19:18:43.667104 [debug] [MainThread]: Resource report: {"command_name": "run", "command_success": false, "command_wall_clock_time": 0.048399836, "process_in_blocks": "0", "process_kernel_time": 0.13266, "process_mem_max_rss": "114556928", "process_out_blocks": "0", "process_user_time": 0.52402}
[0m19:18:43.667319 [debug] [MainThread]: Command `dbt run` failed at 19:18:43.667281 after 0.05 seconds
[0m19:18:43.667444 [debug] [MainThread]: Sending event: {'category': 'dbt', 'action': 'invocation', 'label': 'end', 'context': [<snowplow_tracker.self_describing_json.SelfDescribingJson object at 0x10b784380>, <snowplow_tracker.self_describing_json.SelfDescribingJson object at 0x10b784490>, <snowplow_tracker.self_describing_json.SelfDescribingJson object at 0x10b66d450>]}
[0m19:18:43.667556 [debug] [MainThread]: Flushing usage events
[0m19:18:43.788463 [debug] [MainThread]: An error was encountered while trying to flush usage events
[0m19:19:23.737345 [debug] [MainThread]: Sending event: {'category': 'dbt', 'action': 'invocation', 'label': 'start', 'context': [<snowplow_tracker.self_describing_json.SelfDescribingJson object at 0x10aa370e0>, <snowplow_tracker.self_describing_json.SelfDescribingJson object at 0x10bfaf4d0>, <snowplow_tracker.self_describing_json.SelfDescribingJson object at 0x10bfaf610>]}


============================== 19:19:23.740220 | 454ea3ad-0205-4819-bae4-cc40795e8d66 ==============================
[0m19:19:23.740220 [info ] [MainThread]: Running with dbt=1.11.7
[0m19:19:23.740481 [debug] [MainThread]: running dbt with arguments {'cache_selected_only': 'False', 'empty': 'False', 'version_check': 'True', 'log_format': 'default', 'send_anonymous_usage_stats': 'True', 'use_colors': 'True', 'use_experimental_parser': 'False', 'fail_fast': 'False', 'introspect': 'True', 'quiet': 'False', 'warn_error': 'None', 'partial_parse': 'True', 'log_cache_events': 'False', 'target_path': 'None', 'log_path': '/Users/arrakis/Documents/Courses/ae_dbt/course/logs', 'invocation_command': 'dbt run --full-refresh -m airbnb', 'debug': 'False', 'warn_error_options': 'WarnErrorOptionsV2(error=[], warn=[], silence=[])', 'printer_width': '80', 'write_json': 'True', 'no_print': 'None', 'indirect_selection': 'eager', 'static_parser': 'True', 'profiles_dir': '/Users/arrakis/.dbt'}
[0m19:19:23.740684 [warn ] [MainThread]: [[33mWARNING[0m]: Deprecated functionality
Usage of `--models`, `--model`, and `-m` is deprecated in favor of `--select` or
`-s`.
[0m19:19:23.740832 [debug] [MainThread]: Sending event: {'category': 'dbt', 'action': 'deprecation', 'label': '454ea3ad-0205-4819-bae4-cc40795e8d66', 'property_': 'warn', 'context': [<snowplow_tracker.self_describing_json.SelfDescribingJson object at 0x10bfe1350>]}
[0m19:19:24.053446 [debug] [MainThread]: Snowflake adapter: Setting snowflake.connector to ERROR (file logging only)
[0m19:19:24.053682 [debug] [MainThread]: Snowflake adapter: Setting botocore to ERROR (file logging only)
[0m19:19:24.053819 [debug] [MainThread]: Snowflake adapter: Setting boto3 to ERROR (file logging only)
[0m19:19:24.085547 [warn ] [MainThread]: [[33mWARNING[0m][MissingPlusPrefixDeprecation]: Deprecated functionality
Missing '+' prefix on `airbnb` found at `airbnb` in file
`/Users/arrakis/Documents/Courses/ae_dbt/course/dbt_project.yml`. Hierarchical
config values without a '+' prefix are deprecated in dbt_project.yml.
[0m19:19:24.085765 [debug] [MainThread]: Sending event: {'category': 'dbt', 'action': 'deprecation', 'label': '454ea3ad-0205-4819-bae4-cc40795e8d66', 'property_': 'warn', 'context': [<snowplow_tracker.self_describing_json.SelfDescribingJson object at 0x10cf488d0>]}
[0m19:19:24.168236 [debug] [MainThread]: Sending event: {'category': 'dbt', 'action': 'project_id', 'label': '454ea3ad-0205-4819-bae4-cc40795e8d66', 'context': [<snowplow_tracker.self_describing_json.SelfDescribingJson object at 0x10cd2de50>]}
[0m19:19:24.195544 [debug] [MainThread]: Sending event: {'category': 'dbt', 'action': 'adapter_info', 'label': '454ea3ad-0205-4819-bae4-cc40795e8d66', 'context': [<snowplow_tracker.self_describing_json.SelfDescribingJson object at 0x10b04caa0>]}
[0m19:19:24.196316 [info ] [MainThread]: Registered adapter: snowflake=1.11.3
[0m19:19:24.249489 [debug] [MainThread]: checksum: b80718358155fc17c3559352095564dd56ada1cc1a1c0ef2e62c857e71583775, vars: {}, profile: , target: , version: 1.11.7
[0m19:19:24.312589 [debug] [MainThread]: Partial parsing enabled: 0 files deleted, 0 files added, 0 files changed.
[0m19:19:24.312792 [debug] [MainThread]: Nothing changed, skipping partial parsing.
[0m19:19:24.312903 [debug] [MainThread]: Partial parsing enabled, no changes found, skipping parsing
[0m19:19:24.313136 [warn ] [MainThread]: [[33mWARNING[0m]: Configuration paths exist in your dbt_project.yml file which do not apply to any resources.
There are 1 unused configuration paths:
- models
[0m19:19:24.315213 [debug] [MainThread]: Sending event: {'category': 'dbt', 'action': 'load_project', 'label': '454ea3ad-0205-4819-bae4-cc40795e8d66', 'context': [<snowplow_tracker.self_describing_json.SelfDescribingJson object at 0x10d203bd0>]}
[0m19:19:24.332546 [debug] [MainThread]: Wrote artifact WritableManifest to /Users/arrakis/Documents/Courses/ae_dbt/course/target/manifest.json
[0m19:19:24.333967 [debug] [MainThread]: Wrote artifact SemanticManifest to /Users/arrakis/Documents/Courses/ae_dbt/course/target/semantic_manifest.json
[0m19:19:24.348745 [debug] [MainThread]: Sending event: {'category': 'dbt', 'action': 'resource_counts', 'label': '454ea3ad-0205-4819-bae4-cc40795e8d66', 'context': [<snowplow_tracker.self_describing_json.SelfDescribingJson object at 0x10d45b5f0>]}
[0m19:19:24.348974 [info ] [MainThread]: Found 522 macros
[0m19:19:24.349106 [debug] [MainThread]: Sending event: {'category': 'dbt', 'action': 'runnable_timing', 'label': '454ea3ad-0205-4819-bae4-cc40795e8d66', 'context': [<snowplow_tracker.self_describing_json.SelfDescribingJson object at 0x10cf25310>]}
[0m19:19:24.349329 [warn ] [MainThread]: The selection criterion 'airbnb' does not match any enabled nodes
[0m19:19:24.349791 [warn ] [MainThread]: Nothing to do. Try checking your model configs and model specification args
[0m19:19:24.350540 [debug] [MainThread]: Command end result
[0m19:19:24.370012 [debug] [MainThread]: Wrote artifact WritableManifest to /Users/arrakis/Documents/Courses/ae_dbt/course/target/manifest.json
[0m19:19:24.371055 [debug] [MainThread]: Wrote artifact SemanticManifest to /Users/arrakis/Documents/Courses/ae_dbt/course/target/semantic_manifest.json
[0m19:19:24.372904 [debug] [MainThread]: Wrote artifact RunExecutionResult to /Users/arrakis/Documents/Courses/ae_dbt/course/target/run_results.json
[0m19:19:24.373211 [warn ] [MainThread]: [[33mWARNING[0m][DeprecationsSummary]: Deprecated functionality
Summary of encountered deprecations:
- ModelParamUsageDeprecation: 1 occurrence
- MissingPlusPrefixDeprecation: 1 occurrence
To see all deprecation instances instead of just the first occurrence of each,
run command again with the `--show-all-deprecations` flag. You may also need to
run with `--no-partial-parse` as some deprecations are only encountered during
parsing.
[0m19:19:24.373509 [debug] [MainThread]: Resource report: {"command_name": "run", "command_success": true, "command_wall_clock_time": 0.6807554, "process_in_blocks": "0", "process_kernel_time": 0.266531, "process_mem_max_rss": "154828800", "process_out_blocks": "0", "process_user_time": 0.813409}
[0m19:19:24.373739 [debug] [MainThread]: Command `dbt run` succeeded at 19:19:24.373702 after 0.68 seconds
[0m19:19:24.373891 [debug] [MainThread]: Sending event: {'category': 'dbt', 'action': 'invocation', 'label': 'end', 'context': [<snowplow_tracker.self_describing_json.SelfDescribingJson object at 0x10d43cb50>, <snowplow_tracker.self_describing_json.SelfDescribingJson object at 0x10d43a850>, <snowplow_tracker.self_describing_json.SelfDescribingJson object at 0x10d43a530>]}
[0m19:19:24.374025 [debug] [MainThread]: Flushing usage events
[0m19:19:24.538166 [debug] [MainThread]: An error was encountered while trying to flush usage events
[0m19:19:56.429687 [debug] [MainThread]: Sending event: {'category': 'dbt', 'action': 'invocation', 'label': 'start', 'context': [<snowplow_tracker.self_describing_json.SelfDescribingJson object at 0x108d3b0e0>, <snowplow_tracker.self_describing_json.SelfDescribingJson object at 0x10a2b34d0>, <snowplow_tracker.self_describing_json.SelfDescribingJson object at 0x10a2b3610>]}


============================== 19:19:56.431722 | 5556a534-f499-4bc9-88c4-934714f537d9 ==============================
[0m19:19:56.431722 [info ] [MainThread]: Running with dbt=1.11.7
[0m19:19:56.432022 [debug] [MainThread]: running dbt with arguments {'version_check': 'True', 'quiet': 'False', 'cache_selected_only': 'False', 'log_cache_events': 'False', 'indirect_selection': 'eager', 'log_format': 'default', 'introspect': 'True', 'profiles_dir': '/Users/arrakis/.dbt', 'use_experimental_parser': 'False', 'target_path': 'None', 'log_path': '/Users/arrakis/Documents/Courses/ae_dbt/course/logs', 'no_print': 'None', 'warn_error': 'None', 'debug': 'False', 'invocation_command': 'dbt run --full-refresh -m airbnb', 'use_colors': 'True', 'write_json': 'True', 'printer_width': '80', 'warn_error_options': 'WarnErrorOptionsV2(error=[], warn=[], silence=[])', 'static_parser': 'True', 'partial_parse': 'True', 'fail_fast': 'False', 'send_anonymous_usage_stats': 'True', 'empty': 'False'}
[0m19:19:56.432217 [warn ] [MainThread]: [[33mWARNING[0m]: Deprecated functionality
Usage of `--models`, `--model`, and `-m` is deprecated in favor of `--select` or
`-s`.
[0m19:19:56.432366 [debug] [MainThread]: Sending event: {'category': 'dbt', 'action': 'deprecation', 'label': '5556a534-f499-4bc9-88c4-934714f537d9', 'property_': 'warn', 'context': [<snowplow_tracker.self_describing_json.SelfDescribingJson object at 0x10a2e5350>]}
[0m19:19:56.638421 [debug] [MainThread]: Snowflake adapter: Setting snowflake.connector to ERROR (file logging only)
[0m19:19:56.638647 [debug] [MainThread]: Snowflake adapter: Setting botocore to ERROR (file logging only)
[0m19:19:56.638779 [debug] [MainThread]: Snowflake adapter: Setting boto3 to ERROR (file logging only)
[0m19:19:56.762134 [debug] [MainThread]: Sending event: {'category': 'dbt', 'action': 'project_id', 'label': '5556a534-f499-4bc9-88c4-934714f537d9', 'context': [<snowplow_tracker.self_describing_json.SelfDescribingJson object at 0x10b24e470>]}
[0m19:19:56.789185 [debug] [MainThread]: Sending event: {'category': 'dbt', 'action': 'adapter_info', 'label': '5556a534-f499-4bc9-88c4-934714f537d9', 'context': [<snowplow_tracker.self_describing_json.SelfDescribingJson object at 0x10a218250>]}
[0m19:19:56.789754 [info ] [MainThread]: Registered adapter: snowflake=1.11.3
[0m19:19:56.839863 [debug] [MainThread]: checksum: b80718358155fc17c3559352095564dd56ada1cc1a1c0ef2e62c857e71583775, vars: {}, profile: , target: , version: 1.11.7
[0m19:19:56.855726 [info ] [MainThread]: Unable to do partial parsing because a project config has changed
[0m19:19:56.855969 [debug] [MainThread]: Sending event: {'category': 'dbt', 'action': 'partial_parser', 'label': '5556a534-f499-4bc9-88c4-934714f537d9', 'context': [<snowplow_tracker.self_describing_json.SelfDescribingJson object at 0x10b0965d0>]}
[0m19:19:57.162713 [warn ] [MainThread]: [[33mWARNING[0m]: Configuration paths exist in your dbt_project.yml file which do not apply to any resources.
There are 1 unused configuration paths:
- models
[0m19:19:57.164499 [debug] [MainThread]: Sending event: {'category': 'dbt', 'action': 'load_project', 'label': '5556a534-f499-4bc9-88c4-934714f537d9', 'context': [<snowplow_tracker.self_describing_json.SelfDescribingJson object at 0x10b506190>]}
[0m19:19:57.179556 [debug] [MainThread]: Wrote artifact WritableManifest to /Users/arrakis/Documents/Courses/ae_dbt/course/target/manifest.json
[0m19:19:57.181251 [debug] [MainThread]: Wrote artifact SemanticManifest to /Users/arrakis/Documents/Courses/ae_dbt/course/target/semantic_manifest.json
[0m19:19:57.197691 [debug] [MainThread]: Sending event: {'category': 'dbt', 'action': 'resource_counts', 'label': '5556a534-f499-4bc9-88c4-934714f537d9', 'context': [<snowplow_tracker.self_describing_json.SelfDescribingJson object at 0x10b6ee4e0>]}
[0m19:19:57.197904 [info ] [MainThread]: Found 522 macros
[0m19:19:57.198037 [debug] [MainThread]: Sending event: {'category': 'dbt', 'action': 'runnable_timing', 'label': '5556a534-f499-4bc9-88c4-934714f537d9', 'context': [<snowplow_tracker.self_describing_json.SelfDescribingJson object at 0x10b6d5550>]}
[0m19:19:57.198264 [warn ] [MainThread]: The selection criterion 'airbnb' does not match any enabled nodes
[0m19:19:57.198729 [warn ] [MainThread]: Nothing to do. Try checking your model configs and model specification args
[0m19:19:57.198943 [debug] [MainThread]: Command end result
[0m19:19:57.215697 [debug] [MainThread]: Wrote artifact WritableManifest to /Users/arrakis/Documents/Courses/ae_dbt/course/target/manifest.json
[0m19:19:57.216789 [debug] [MainThread]: Wrote artifact SemanticManifest to /Users/arrakis/Documents/Courses/ae_dbt/course/target/semantic_manifest.json
[0m19:19:57.218442 [debug] [MainThread]: Wrote artifact RunExecutionResult to /Users/arrakis/Documents/Courses/ae_dbt/course/target/run_results.json
[0m19:19:57.218724 [warn ] [MainThread]: [[33mWARNING[0m][DeprecationsSummary]: Deprecated functionality
Summary of encountered deprecations:
- ModelParamUsageDeprecation: 1 occurrence
To see all deprecation instances instead of just the first occurrence of each,
run command again with the `--show-all-deprecations` flag. You may also need to
run with `--no-partial-parse` as some deprecations are only encountered during
parsing.
[0m19:19:57.219024 [debug] [MainThread]: Resource report: {"command_name": "run", "command_success": true, "command_wall_clock_time": 0.83056074, "process_in_blocks": "0", "process_kernel_time": 0.212644, "process_mem_max_rss": "155910144", "process_out_blocks": "0", "process_user_time": 1.064016}
[0m19:19:57.219253 [debug] [MainThread]: Command `dbt run` succeeded at 19:19:57.219217 after 0.83 seconds
[0m19:19:57.219394 [debug] [MainThread]: Sending event: {'category': 'dbt', 'action': 'invocation', 'label': 'end', 'context': [<snowplow_tracker.self_describing_json.SelfDescribingJson object at 0x10b77d2e0>, <snowplow_tracker.self_describing_json.SelfDescribingJson object at 0x10b78d630>, <snowplow_tracker.self_describing_json.SelfDescribingJson object at 0x10b78fa70>]}
[0m19:19:57.219523 [debug] [MainThread]: Flushing usage events
[0m19:19:57.322612 [debug] [MainThread]: An error was encountered while trying to flush usage events
[0m19:22:17.821601 [debug] [MainThread]: Sending event: {'category': 'dbt', 'action': 'invocation', 'label': 'start', 'context': [<snowplow_tracker.self_describing_json.SelfDescribingJson object at 0x10a8270e0>, <snowplow_tracker.self_describing_json.SelfDescribingJson object at 0x10bd9f4d0>, <snowplow_tracker.self_describing_json.SelfDescribingJson object at 0x10bd9f610>]}


============================== 19:22:17.824550 | ac006e31-5029-43da-bff1-800c13d7f6c2 ==============================
[0m19:22:17.824550 [info ] [MainThread]: Running with dbt=1.11.7
[0m19:22:17.824816 [debug] [MainThread]: running dbt with arguments {'use_colors': 'True', 'target_path': 'None', 'version_check': 'True', 'send_anonymous_usage_stats': 'True', 'printer_width': '80', 'log_path': '/Users/arrakis/Documents/Courses/ae_dbt/course/logs', 'write_json': 'True', 'no_print': 'None', 'partial_parse': 'True', 'use_experimental_parser': 'False', 'indirect_selection': 'eager', 'warn_error': 'None', 'introspect': 'True', 'empty': 'False', 'cache_selected_only': 'False', 'fail_fast': 'False', 'warn_error_options': 'WarnErrorOptionsV2(error=[], warn=[], silence=[])', 'quiet': 'False', 'debug': 'False', 'static_parser': 'True', 'profiles_dir': '/Users/arrakis/.dbt', 'log_cache_events': 'False', 'invocation_command': 'dbt run --full-refresh -m airbnb', 'log_format': 'default'}
[0m19:22:17.825024 [warn ] [MainThread]: [[33mWARNING[0m]: Deprecated functionality
Usage of `--models`, `--model`, and `-m` is deprecated in favor of `--select` or
`-s`.
[0m19:22:17.825172 [debug] [MainThread]: Sending event: {'category': 'dbt', 'action': 'deprecation', 'label': 'ac006e31-5029-43da-bff1-800c13d7f6c2', 'property_': 'warn', 'context': [<snowplow_tracker.self_describing_json.SelfDescribingJson object at 0x10bdd1350>]}
[0m19:22:18.136518 [debug] [MainThread]: Snowflake adapter: Setting snowflake.connector to ERROR (file logging only)
[0m19:22:18.136742 [debug] [MainThread]: Snowflake adapter: Setting botocore to ERROR (file logging only)
[0m19:22:18.136862 [debug] [MainThread]: Snowflake adapter: Setting boto3 to ERROR (file logging only)
[0m19:22:18.170019 [warn ] [MainThread]: [[33mWARNING[0m][MissingPlusPrefixDeprecation]: Deprecated functionality
Missing '+' prefix on `src` found at `airbnb.src` in file
`/Users/arrakis/Documents/Courses/ae_dbt/course/dbt_project.yml`. Hierarchical
config values without a '+' prefix are deprecated in dbt_project.yml.
[0m19:22:18.170239 [debug] [MainThread]: Sending event: {'category': 'dbt', 'action': 'deprecation', 'label': 'ac006e31-5029-43da-bff1-800c13d7f6c2', 'property_': 'warn', 'context': [<snowplow_tracker.self_describing_json.SelfDescribingJson object at 0x10cd388d0>]}
[0m19:22:18.258644 [debug] [MainThread]: Sending event: {'category': 'dbt', 'action': 'project_id', 'label': 'ac006e31-5029-43da-bff1-800c13d7f6c2', 'context': [<snowplow_tracker.self_describing_json.SelfDescribingJson object at 0x10cb1de50>]}
[0m19:22:18.286122 [debug] [MainThread]: Sending event: {'category': 'dbt', 'action': 'adapter_info', 'label': 'ac006e31-5029-43da-bff1-800c13d7f6c2', 'context': [<snowplow_tracker.self_describing_json.SelfDescribingJson object at 0x10ae40aa0>]}
[0m19:22:18.286978 [info ] [MainThread]: Registered adapter: snowflake=1.11.3
[0m19:22:18.340650 [debug] [MainThread]: checksum: b80718358155fc17c3559352095564dd56ada1cc1a1c0ef2e62c857e71583775, vars: {}, profile: , target: , version: 1.11.7
[0m19:22:18.356738 [info ] [MainThread]: Unable to do partial parsing because a project config has changed
[0m19:22:18.356977 [debug] [MainThread]: Sending event: {'category': 'dbt', 'action': 'partial_parser', 'label': 'ac006e31-5029-43da-bff1-800c13d7f6c2', 'context': [<snowplow_tracker.self_describing_json.SelfDescribingJson object at 0x10cff3850>]}
[0m19:22:18.725082 [warn ] [MainThread]: [[33mWARNING[0m]: Configuration paths exist in your dbt_project.yml file which do not apply to any resources.
There are 1 unused configuration paths:
- models.airbnb
[0m19:22:18.726878 [debug] [MainThread]: Sending event: {'category': 'dbt', 'action': 'load_project', 'label': 'ac006e31-5029-43da-bff1-800c13d7f6c2', 'context': [<snowplow_tracker.self_describing_json.SelfDescribingJson object at 0x10d080530>]}
[0m19:22:18.742599 [debug] [MainThread]: Wrote artifact WritableManifest to /Users/arrakis/Documents/Courses/ae_dbt/course/target/manifest.json
[0m19:22:18.744564 [debug] [MainThread]: Wrote artifact SemanticManifest to /Users/arrakis/Documents/Courses/ae_dbt/course/target/semantic_manifest.json
[0m19:22:18.760508 [debug] [MainThread]: Sending event: {'category': 'dbt', 'action': 'resource_counts', 'label': 'ac006e31-5029-43da-bff1-800c13d7f6c2', 'context': [<snowplow_tracker.self_describing_json.SelfDescribingJson object at 0x10d1c1550>]}
[0m19:22:18.760730 [info ] [MainThread]: Found 522 macros
[0m19:22:18.760860 [debug] [MainThread]: Sending event: {'category': 'dbt', 'action': 'runnable_timing', 'label': 'ac006e31-5029-43da-bff1-800c13d7f6c2', 'context': [<snowplow_tracker.self_describing_json.SelfDescribingJson object at 0x10d268d60>]}
[0m19:22:18.761091 [warn ] [MainThread]: The selection criterion 'airbnb' does not match any enabled nodes
[0m19:22:18.761571 [warn ] [MainThread]: Nothing to do. Try checking your model configs and model specification args
[0m19:22:18.761790 [debug] [MainThread]: Command end result
[0m19:22:18.770076 [debug] [MainThread]: Wrote artifact WritableManifest to /Users/arrakis/Documents/Courses/ae_dbt/course/target/manifest.json
[0m19:22:18.771160 [debug] [MainThread]: Wrote artifact SemanticManifest to /Users/arrakis/Documents/Courses/ae_dbt/course/target/semantic_manifest.json
[0m19:22:18.773025 [debug] [MainThread]: Wrote artifact RunExecutionResult to /Users/arrakis/Documents/Courses/ae_dbt/course/target/run_results.json
[0m19:22:18.773269 [warn ] [MainThread]: [[33mWARNING[0m][DeprecationsSummary]: Deprecated functionality
Summary of encountered deprecations:
- ModelParamUsageDeprecation: 1 occurrence
- MissingPlusPrefixDeprecation: 1 occurrence
To see all deprecation instances instead of just the first occurrence of each,
run command again with the `--show-all-deprecations` flag. You may also need to
run with `--no-partial-parse` as some deprecations are only encountered during
parsing.
[0m19:22:18.773550 [debug] [MainThread]: Resource report: {"command_name": "run", "command_success": true, "command_wall_clock_time": 1.0052141, "process_in_blocks": "0", "process_kernel_time": 0.278159, "process_mem_max_rss": "155893760", "process_out_blocks": "0", "process_user_time": 1.085511}
[0m19:22:18.773787 [debug] [MainThread]: Command `dbt run` succeeded at 19:22:18.773752 after 1.01 seconds
[0m19:22:18.773934 [debug] [MainThread]: Sending event: {'category': 'dbt', 'action': 'invocation', 'label': 'end', 'context': [<snowplow_tracker.self_describing_json.SelfDescribingJson object at 0x10d278730>, <snowplow_tracker.self_describing_json.SelfDescribingJson object at 0x10d0c0d40>, <snowplow_tracker.self_describing_json.SelfDescribingJson object at 0x10992c350>]}
[0m19:22:18.774064 [debug] [MainThread]: Flushing usage events
[0m19:22:18.935698 [debug] [MainThread]: An error was encountered while trying to flush usage events
[0m19:22:39.206220 [debug] [MainThread]: Sending event: {'category': 'dbt', 'action': 'invocation', 'label': 'start', 'context': [<snowplow_tracker.self_describing_json.SelfDescribingJson object at 0x10cba70e0>, <snowplow_tracker.self_describing_json.SelfDescribingJson object at 0x10e11f4d0>, <snowplow_tracker.self_describing_json.SelfDescribingJson object at 0x10e11f610>]}


============================== 19:22:39.208734 | c1c89946-d05a-4b38-9810-b529d703664b ==============================
[0m19:22:39.208734 [info ] [MainThread]: Running with dbt=1.11.7
[0m19:22:39.208994 [debug] [MainThread]: running dbt with arguments {'introspect': 'True', 'target_path': 'None', 'printer_width': '80', 'use_experimental_parser': 'False', 'empty': 'False', 'partial_parse': 'True', 'profiles_dir': '/Users/arrakis/.dbt', 'send_anonymous_usage_stats': 'True', 'log_format': 'default', 'log_cache_events': 'False', 'debug': 'False', 'version_check': 'True', 'warn_error': 'None', 'quiet': 'False', 'cache_selected_only': 'False', 'use_colors': 'True', 'invocation_command': 'dbt run', 'write_json': 'True', 'indirect_selection': 'eager', 'warn_error_options': 'WarnErrorOptionsV2(error=[], warn=[], silence=[])', 'static_parser': 'True', 'log_path': '/Users/arrakis/Documents/Courses/ae_dbt/course/logs', 'no_print': 'None', 'fail_fast': 'False'}
[0m19:22:39.486605 [debug] [MainThread]: Snowflake adapter: Setting snowflake.connector to ERROR (file logging only)
[0m19:22:39.486866 [debug] [MainThread]: Snowflake adapter: Setting botocore to ERROR (file logging only)
[0m19:22:39.487017 [debug] [MainThread]: Snowflake adapter: Setting boto3 to ERROR (file logging only)
[0m19:22:39.522084 [warn ] [MainThread]: [[33mWARNING[0m][MissingPlusPrefixDeprecation]: Deprecated functionality
Missing '+' prefix on `src` found at `airbnb.src` in file
`/Users/arrakis/Documents/Courses/ae_dbt/course/dbt_project.yml`. Hierarchical
config values without a '+' prefix are deprecated in dbt_project.yml.
[0m19:22:39.522323 [debug] [MainThread]: Sending event: {'category': 'dbt', 'action': 'deprecation', 'label': 'c1c89946-d05a-4b38-9810-b529d703664b', 'property_': 'warn', 'context': [<snowplow_tracker.self_describing_json.SelfDescribingJson object at 0x10f07de00>]}
[0m19:22:39.601815 [debug] [MainThread]: Sending event: {'category': 'dbt', 'action': 'project_id', 'label': 'c1c89946-d05a-4b38-9810-b529d703664b', 'context': [<snowplow_tracker.self_describing_json.SelfDescribingJson object at 0x10f0ba470>]}
[0m19:22:39.628926 [debug] [MainThread]: Sending event: {'category': 'dbt', 'action': 'adapter_info', 'label': 'c1c89946-d05a-4b38-9810-b529d703664b', 'context': [<snowplow_tracker.self_describing_json.SelfDescribingJson object at 0x10e084250>]}
[0m19:22:39.629499 [info ] [MainThread]: Registered adapter: snowflake=1.11.3
[0m19:22:39.679180 [debug] [MainThread]: checksum: b80718358155fc17c3559352095564dd56ada1cc1a1c0ef2e62c857e71583775, vars: {}, profile: , target: , version: 1.11.7
[0m19:22:39.737398 [debug] [MainThread]: Partial parsing enabled: 0 files deleted, 0 files added, 0 files changed.
[0m19:22:39.737582 [debug] [MainThread]: Nothing changed, skipping partial parsing.
[0m19:22:39.737688 [debug] [MainThread]: Partial parsing enabled, no changes found, skipping parsing
[0m19:22:39.737925 [warn ] [MainThread]: [[33mWARNING[0m]: Configuration paths exist in your dbt_project.yml file which do not apply to any resources.
There are 1 unused configuration paths:
- models.airbnb
[0m19:22:39.739917 [debug] [MainThread]: Sending event: {'category': 'dbt', 'action': 'load_project', 'label': 'c1c89946-d05a-4b38-9810-b529d703664b', 'context': [<snowplow_tracker.self_describing_json.SelfDescribingJson object at 0x10f4dd040>]}
[0m19:22:39.757331 [debug] [MainThread]: Wrote artifact WritableManifest to /Users/arrakis/Documents/Courses/ae_dbt/course/target/manifest.json
[0m19:22:39.758605 [debug] [MainThread]: Wrote artifact SemanticManifest to /Users/arrakis/Documents/Courses/ae_dbt/course/target/semantic_manifest.json
[0m19:22:39.769435 [debug] [MainThread]: Sending event: {'category': 'dbt', 'action': 'resource_counts', 'label': 'c1c89946-d05a-4b38-9810-b529d703664b', 'context': [<snowplow_tracker.self_describing_json.SelfDescribingJson object at 0x10f3734d0>]}
[0m19:22:39.769638 [info ] [MainThread]: Found 522 macros
[0m19:22:39.769777 [debug] [MainThread]: Sending event: {'category': 'dbt', 'action': 'runnable_timing', 'label': 'c1c89946-d05a-4b38-9810-b529d703664b', 'context': [<snowplow_tracker.self_describing_json.SelfDescribingJson object at 0x10f583ee0>]}
[0m19:22:39.770346 [warn ] [MainThread]: Nothing to do. Try checking your model configs and model specification args
[0m19:22:39.771063 [debug] [MainThread]: Command end result
[0m19:22:39.778851 [debug] [MainThread]: Wrote artifact WritableManifest to /Users/arrakis/Documents/Courses/ae_dbt/course/target/manifest.json
[0m19:22:39.779834 [debug] [MainThread]: Wrote artifact SemanticManifest to /Users/arrakis/Documents/Courses/ae_dbt/course/target/semantic_manifest.json
[0m19:22:39.781407 [debug] [MainThread]: Wrote artifact RunExecutionResult to /Users/arrakis/Documents/Courses/ae_dbt/course/target/run_results.json
[0m19:22:39.781837 [warn ] [MainThread]: [[33mWARNING[0m][DeprecationsSummary]: Deprecated functionality
Summary of encountered deprecations:
- MissingPlusPrefixDeprecation: 1 occurrence
To see all deprecation instances instead of just the first occurrence of each,
run command again with the `--show-all-deprecations` flag. You may also need to
run with `--no-partial-parse` as some deprecations are only encountered during
parsing.
[0m19:22:39.782190 [debug] [MainThread]: Resource report: {"command_name": "run", "command_success": true, "command_wall_clock_time": 0.6287453, "process_in_blocks": "0", "process_kernel_time": 0.238359, "process_mem_max_rss": "155369472", "process_out_blocks": "0", "process_user_time": 0.820179}
[0m19:22:39.782446 [debug] [MainThread]: Command `dbt run` succeeded at 19:22:39.782406 after 0.63 seconds
[0m19:22:39.782599 [debug] [MainThread]: Sending event: {'category': 'dbt', 'action': 'invocation', 'label': 'end', 'context': [<snowplow_tracker.self_describing_json.SelfDescribingJson object at 0x10e15cdd0>, <snowplow_tracker.self_describing_json.SelfDescribingJson object at 0x10f5a8b50>, <snowplow_tracker.self_describing_json.SelfDescribingJson object at 0x10f5a8c00>]}
[0m19:22:39.782730 [debug] [MainThread]: Flushing usage events
[0m19:22:39.887910 [debug] [MainThread]: An error was encountered while trying to flush usage events
[0m19:22:56.397458 [debug] [MainThread]: Sending event: {'category': 'dbt', 'action': 'invocation', 'label': 'start', 'context': [<snowplow_tracker.self_describing_json.SelfDescribingJson object at 0x10a4170e0>, <snowplow_tracker.self_describing_json.SelfDescribingJson object at 0x10b98f4d0>, <snowplow_tracker.self_describing_json.SelfDescribingJson object at 0x10b98f610>]}


============================== 19:22:56.399575 | c24f5b5e-1c5d-4832-a084-32f1c5a80582 ==============================
[0m19:22:56.399575 [info ] [MainThread]: Running with dbt=1.11.7
[0m19:22:56.399831 [debug] [MainThread]: running dbt with arguments {'debug': 'False', 'empty': 'False', 'profiles_dir': '/Users/arrakis/.dbt', 'quiet': 'False', 'introspect': 'True', 'partial_parse': 'True', 'static_parser': 'True', 'version_check': 'True', 'send_anonymous_usage_stats': 'True', 'write_json': 'True', 'printer_width': '80', 'invocation_command': 'dbt run', 'warn_error_options': 'WarnErrorOptionsV2(error=[], warn=[], silence=[])', 'fail_fast': 'False', 'use_experimental_parser': 'False', 'log_path': '/Users/arrakis/Documents/Courses/ae_dbt/course/logs', 'log_cache_events': 'False', 'warn_error': 'None', 'use_colors': 'True', 'cache_selected_only': 'False', 'target_path': 'None', 'no_print': 'None', 'indirect_selection': 'eager', 'log_format': 'default'}
[0m19:22:56.628020 [debug] [MainThread]: Snowflake adapter: Setting snowflake.connector to ERROR (file logging only)
[0m19:22:56.628257 [debug] [MainThread]: Snowflake adapter: Setting botocore to ERROR (file logging only)
[0m19:22:56.628398 [debug] [MainThread]: Snowflake adapter: Setting boto3 to ERROR (file logging only)
[0m19:22:56.758097 [debug] [MainThread]: Sending event: {'category': 'dbt', 'action': 'project_id', 'label': 'c24f5b5e-1c5d-4832-a084-32f1c5a80582', 'context': [<snowplow_tracker.self_describing_json.SelfDescribingJson object at 0x10acb8770>]}
[0m19:22:56.785049 [debug] [MainThread]: Sending event: {'category': 'dbt', 'action': 'adapter_info', 'label': 'c24f5b5e-1c5d-4832-a084-32f1c5a80582', 'context': [<snowplow_tracker.self_describing_json.SelfDescribingJson object at 0x10c92a9c0>]}
[0m19:22:56.785628 [info ] [MainThread]: Registered adapter: snowflake=1.11.3
[0m19:22:56.835134 [debug] [MainThread]: checksum: b80718358155fc17c3559352095564dd56ada1cc1a1c0ef2e62c857e71583775, vars: {}, profile: , target: , version: 1.11.7
[0m19:22:56.850770 [info ] [MainThread]: Unable to do partial parsing because a project config has changed
[0m19:22:56.850989 [debug] [MainThread]: Sending event: {'category': 'dbt', 'action': 'partial_parser', 'label': 'c24f5b5e-1c5d-4832-a084-32f1c5a80582', 'context': [<snowplow_tracker.self_describing_json.SelfDescribingJson object at 0x10c70e250>]}
[0m19:22:57.155330 [warn ] [MainThread]: [[33mWARNING[0m]: Configuration paths exist in your dbt_project.yml file which do not apply to any resources.
There are 1 unused configuration paths:
- models.airbnb
[0m19:22:57.157101 [debug] [MainThread]: Sending event: {'category': 'dbt', 'action': 'load_project', 'label': 'c24f5b5e-1c5d-4832-a084-32f1c5a80582', 'context': [<snowplow_tracker.self_describing_json.SelfDescribingJson object at 0x10cc92210>]}
[0m19:22:57.172031 [debug] [MainThread]: Wrote artifact WritableManifest to /Users/arrakis/Documents/Courses/ae_dbt/course/target/manifest.json
[0m19:22:57.173826 [debug] [MainThread]: Wrote artifact SemanticManifest to /Users/arrakis/Documents/Courses/ae_dbt/course/target/semantic_manifest.json
[0m19:22:57.186752 [debug] [MainThread]: Sending event: {'category': 'dbt', 'action': 'resource_counts', 'label': 'c24f5b5e-1c5d-4832-a084-32f1c5a80582', 'context': [<snowplow_tracker.self_describing_json.SelfDescribingJson object at 0x10cce84b0>]}
[0m19:22:57.186972 [info ] [MainThread]: Found 522 macros
[0m19:22:57.187109 [debug] [MainThread]: Sending event: {'category': 'dbt', 'action': 'runnable_timing', 'label': 'c24f5b5e-1c5d-4832-a084-32f1c5a80582', 'context': [<snowplow_tracker.self_describing_json.SelfDescribingJson object at 0x10ce33c70>]}
[0m19:22:57.187675 [warn ] [MainThread]: Nothing to do. Try checking your model configs and model specification args
[0m19:22:57.187893 [debug] [MainThread]: Command end result
[0m19:22:57.215012 [debug] [MainThread]: Wrote artifact WritableManifest to /Users/arrakis/Documents/Courses/ae_dbt/course/target/manifest.json
[0m19:22:57.217782 [debug] [MainThread]: Wrote artifact SemanticManifest to /Users/arrakis/Documents/Courses/ae_dbt/course/target/semantic_manifest.json
[0m19:22:57.219677 [debug] [MainThread]: Wrote artifact RunExecutionResult to /Users/arrakis/Documents/Courses/ae_dbt/course/target/run_results.json
[0m19:22:57.220023 [debug] [MainThread]: Resource report: {"command_name": "run", "command_success": true, "command_wall_clock_time": 0.8655515, "process_in_blocks": "0", "process_kernel_time": 0.217409, "process_mem_max_rss": "155844608", "process_out_blocks": "0", "process_user_time": 1.080732}
[0m19:22:57.220409 [debug] [MainThread]: Command `dbt run` succeeded at 19:22:57.220342 after 0.87 seconds
[0m19:22:57.220608 [debug] [MainThread]: Sending event: {'category': 'dbt', 'action': 'invocation', 'label': 'end', 'context': [<snowplow_tracker.self_describing_json.SelfDescribingJson object at 0x10b9d0dd0>, <snowplow_tracker.self_describing_json.SelfDescribingJson object at 0x10ce592e0>, <snowplow_tracker.self_describing_json.SelfDescribingJson object at 0x10ce59180>]}
[0m19:22:57.220760 [debug] [MainThread]: Flushing usage events
[0m19:22:57.334515 [debug] [MainThread]: An error was encountered while trying to flush usage events
[0m19:24:25.195451 [debug] [MainThread]: Sending event: {'category': 'dbt', 'action': 'invocation', 'label': 'start', 'context': [<snowplow_tracker.self_describing_json.SelfDescribingJson object at 0x1087af0e0>, <snowplow_tracker.self_describing_json.SelfDescribingJson object at 0x109d274d0>, <snowplow_tracker.self_describing_json.SelfDescribingJson object at 0x109d27610>]}


============================== 19:24:25.198885 | b898bb18-6b05-4114-88c7-3dbd7e4bec0a ==============================
[0m19:24:25.198885 [info ] [MainThread]: Running with dbt=1.11.7
[0m19:24:25.199165 [debug] [MainThread]: running dbt with arguments {'empty': 'False', 'indirect_selection': 'eager', 'partial_parse': 'True', 'version_check': 'True', 'log_cache_events': 'False', 'profiles_dir': '/Users/arrakis/.dbt', 'introspect': 'True', 'debug': 'False', 'quiet': 'False', 'invocation_command': 'dbt run', 'printer_width': '80', 'cache_selected_only': 'False', 'no_print': 'None', 'warn_error': 'None', 'send_anonymous_usage_stats': 'True', 'target_path': 'None', 'write_json': 'True', 'warn_error_options': 'WarnErrorOptionsV2(error=[], warn=[], silence=[])', 'log_format': 'default', 'fail_fast': 'False', 'use_experimental_parser': 'False', 'use_colors': 'True', 'static_parser': 'True', 'log_path': '/Users/arrakis/Documents/Courses/ae_dbt/course/logs'}
[0m19:24:25.404550 [debug] [MainThread]: Snowflake adapter: Setting snowflake.connector to ERROR (file logging only)
[0m19:24:25.404776 [debug] [MainThread]: Snowflake adapter: Setting botocore to ERROR (file logging only)
[0m19:24:25.404902 [debug] [MainThread]: Snowflake adapter: Setting boto3 to ERROR (file logging only)
[0m19:24:25.512218 [debug] [MainThread]: Sending event: {'category': 'dbt', 'action': 'project_id', 'label': 'b898bb18-6b05-4114-88c7-3dbd7e4bec0a', 'context': [<snowplow_tracker.self_describing_json.SelfDescribingJson object at 0x109050770>]}
[0m19:24:25.539204 [debug] [MainThread]: Sending event: {'category': 'dbt', 'action': 'adapter_info', 'label': 'b898bb18-6b05-4114-88c7-3dbd7e4bec0a', 'context': [<snowplow_tracker.self_describing_json.SelfDescribingJson object at 0x10acc29c0>]}
[0m19:24:25.539769 [info ] [MainThread]: Registered adapter: snowflake=1.11.3
[0m19:24:25.589920 [debug] [MainThread]: checksum: b80718358155fc17c3559352095564dd56ada1cc1a1c0ef2e62c857e71583775, vars: {}, profile: , target: , version: 1.11.7
[0m19:24:25.605803 [info ] [MainThread]: Unable to do partial parsing because a project config has changed
[0m19:24:25.606028 [debug] [MainThread]: Sending event: {'category': 'dbt', 'action': 'partial_parser', 'label': 'b898bb18-6b05-4114-88c7-3dbd7e4bec0a', 'context': [<snowplow_tracker.self_describing_json.SelfDescribingJson object at 0x10aaa6250>]}
[0m19:24:25.920667 [warn ] [MainThread]: [[33mWARNING[0m]: Configuration paths exist in your dbt_project.yml file which do not apply to any resources.
There are 1 unused configuration paths:
- models.airbnb.src
[0m19:24:25.922434 [debug] [MainThread]: Sending event: {'category': 'dbt', 'action': 'load_project', 'label': 'b898bb18-6b05-4114-88c7-3dbd7e4bec0a', 'context': [<snowplow_tracker.self_describing_json.SelfDescribingJson object at 0x10ab0af30>]}
[0m19:24:25.940963 [debug] [MainThread]: Wrote artifact WritableManifest to /Users/arrakis/Documents/Courses/ae_dbt/course/target/manifest.json
[0m19:24:25.942417 [debug] [MainThread]: Wrote artifact SemanticManifest to /Users/arrakis/Documents/Courses/ae_dbt/course/target/semantic_manifest.json
[0m19:24:25.954143 [debug] [MainThread]: Sending event: {'category': 'dbt', 'action': 'resource_counts', 'label': 'b898bb18-6b05-4114-88c7-3dbd7e4bec0a', 'context': [<snowplow_tracker.self_describing_json.SelfDescribingJson object at 0x10b07c4b0>]}
[0m19:24:25.954349 [info ] [MainThread]: Found 522 macros
[0m19:24:25.954481 [debug] [MainThread]: Sending event: {'category': 'dbt', 'action': 'runnable_timing', 'label': 'b898bb18-6b05-4114-88c7-3dbd7e4bec0a', 'context': [<snowplow_tracker.self_describing_json.SelfDescribingJson object at 0x10b1c8120>]}
[0m19:24:25.955057 [warn ] [MainThread]: Nothing to do. Try checking your model configs and model specification args
[0m19:24:25.955280 [debug] [MainThread]: Command end result
[0m19:24:25.969459 [debug] [MainThread]: Wrote artifact WritableManifest to /Users/arrakis/Documents/Courses/ae_dbt/course/target/manifest.json
[0m19:24:25.970501 [debug] [MainThread]: Wrote artifact SemanticManifest to /Users/arrakis/Documents/Courses/ae_dbt/course/target/semantic_manifest.json
[0m19:24:25.972141 [debug] [MainThread]: Wrote artifact RunExecutionResult to /Users/arrakis/Documents/Courses/ae_dbt/course/target/run_results.json
[0m19:24:25.972444 [debug] [MainThread]: Resource report: {"command_name": "run", "command_success": true, "command_wall_clock_time": 0.8259227, "process_in_blocks": "0", "process_kernel_time": 0.225616, "process_mem_max_rss": "156319744", "process_out_blocks": "0", "process_user_time": 1.063529}
[0m19:24:25.972667 [debug] [MainThread]: Command `dbt run` succeeded at 19:24:25.972628 after 0.83 seconds
[0m19:24:25.972810 [debug] [MainThread]: Sending event: {'category': 'dbt', 'action': 'invocation', 'label': 'end', 'context': [<snowplow_tracker.self_describing_json.SelfDescribingJson object at 0x109d70d10>, <snowplow_tracker.self_describing_json.SelfDescribingJson object at 0x10b1e92e0>, <snowplow_tracker.self_describing_json.SelfDescribingJson object at 0x10b1e9180>]}
[0m19:24:25.972939 [debug] [MainThread]: Flushing usage events
[0m19:24:26.105965 [debug] [MainThread]: An error was encountered while trying to flush usage events
[0m19:26:03.841978 [debug] [MainThread]: Sending event: {'category': 'dbt', 'action': 'invocation', 'label': 'start', 'context': [<snowplow_tracker.self_describing_json.SelfDescribingJson object at 0x10c0bb0e0>, <snowplow_tracker.self_describing_json.SelfDescribingJson object at 0x10d6334d0>, <snowplow_tracker.self_describing_json.SelfDescribingJson object at 0x10d633610>]}


============================== 19:26:03.844293 | 03fe9fab-d770-4435-8048-bb0c54dcdadc ==============================
[0m19:26:03.844293 [info ] [MainThread]: Running with dbt=1.11.7
[0m19:26:03.844562 [debug] [MainThread]: running dbt with arguments {'quiet': 'False', 'use_colors': 'True', 'warn_error': 'None', 'log_format': 'default', 'partial_parse': 'True', 'no_print': 'None', 'send_anonymous_usage_stats': 'True', 'use_experimental_parser': 'False', 'fail_fast': 'False', 'write_json': 'True', 'version_check': 'True', 'printer_width': '80', 'log_cache_events': 'False', 'log_path': '/Users/arrakis/Documents/Courses/ae_dbt/course/logs', 'cache_selected_only': 'False', 'introspect': 'True', 'empty': 'False', 'debug': 'False', 'target_path': 'None', 'static_parser': 'True', 'invocation_command': 'dbt run --select src_listings', 'warn_error_options': 'WarnErrorOptionsV2(error=[], warn=[], silence=[])', 'indirect_selection': 'eager', 'profiles_dir': '/Users/arrakis/.dbt'}
[0m19:26:04.058521 [debug] [MainThread]: Snowflake adapter: Setting snowflake.connector to ERROR (file logging only)
[0m19:26:04.058743 [debug] [MainThread]: Snowflake adapter: Setting botocore to ERROR (file logging only)
[0m19:26:04.058870 [debug] [MainThread]: Snowflake adapter: Setting boto3 to ERROR (file logging only)
[0m19:26:04.180973 [debug] [MainThread]: Sending event: {'category': 'dbt', 'action': 'project_id', 'label': '03fe9fab-d770-4435-8048-bb0c54dcdadc', 'context': [<snowplow_tracker.self_describing_json.SelfDescribingJson object at 0x10c95c770>]}
[0m19:26:04.209794 [debug] [MainThread]: Sending event: {'category': 'dbt', 'action': 'adapter_info', 'label': '03fe9fab-d770-4435-8048-bb0c54dcdadc', 'context': [<snowplow_tracker.self_describing_json.SelfDescribingJson object at 0x10e5ce9c0>]}
[0m19:26:04.210601 [info ] [MainThread]: Registered adapter: snowflake=1.11.3
[0m19:26:04.262321 [debug] [MainThread]: checksum: b80718358155fc17c3559352095564dd56ada1cc1a1c0ef2e62c857e71583775, vars: {}, profile: , target: , version: 1.11.7
[0m19:26:04.319848 [debug] [MainThread]: Partial parsing enabled: 0 files deleted, 0 files added, 0 files changed.
[0m19:26:04.320027 [debug] [MainThread]: Nothing changed, skipping partial parsing.
[0m19:26:04.320133 [debug] [MainThread]: Partial parsing enabled, no changes found, skipping parsing
[0m19:26:04.320380 [warn ] [MainThread]: [[33mWARNING[0m]: Configuration paths exist in your dbt_project.yml file which do not apply to any resources.
There are 1 unused configuration paths:
- models.airbnb.src
[0m19:26:04.322406 [debug] [MainThread]: Sending event: {'category': 'dbt', 'action': 'load_project', 'label': '03fe9fab-d770-4435-8048-bb0c54dcdadc', 'context': [<snowplow_tracker.self_describing_json.SelfDescribingJson object at 0x10e9d9a50>]}
[0m19:26:04.339612 [debug] [MainThread]: Wrote artifact WritableManifest to /Users/arrakis/Documents/Courses/ae_dbt/course/target/manifest.json
[0m19:26:04.340877 [debug] [MainThread]: Wrote artifact SemanticManifest to /Users/arrakis/Documents/Courses/ae_dbt/course/target/semantic_manifest.json
[0m19:26:04.351446 [debug] [MainThread]: Sending event: {'category': 'dbt', 'action': 'resource_counts', 'label': '03fe9fab-d770-4435-8048-bb0c54dcdadc', 'context': [<snowplow_tracker.self_describing_json.SelfDescribingJson object at 0x10e416030>]}
[0m19:26:04.351674 [info ] [MainThread]: Found 522 macros
[0m19:26:04.351817 [debug] [MainThread]: Sending event: {'category': 'dbt', 'action': 'runnable_timing', 'label': '03fe9fab-d770-4435-8048-bb0c54dcdadc', 'context': [<snowplow_tracker.self_describing_json.SelfDescribingJson object at 0x10e886dd0>]}
[0m19:26:04.352056 [warn ] [MainThread]: The selection criterion 'src_listings' does not match any enabled nodes
[0m19:26:04.352532 [warn ] [MainThread]: Nothing to do. Try checking your model configs and model specification args
[0m19:26:04.353317 [debug] [MainThread]: Command end result
[0m19:26:04.360935 [debug] [MainThread]: Wrote artifact WritableManifest to /Users/arrakis/Documents/Courses/ae_dbt/course/target/manifest.json
[0m19:26:04.362031 [debug] [MainThread]: Wrote artifact SemanticManifest to /Users/arrakis/Documents/Courses/ae_dbt/course/target/semantic_manifest.json
[0m19:26:04.363600 [debug] [MainThread]: Wrote artifact RunExecutionResult to /Users/arrakis/Documents/Courses/ae_dbt/course/target/run_results.json
[0m19:26:04.363871 [debug] [MainThread]: Resource report: {"command_name": "run", "command_success": true, "command_wall_clock_time": 0.57186884, "process_in_blocks": "0", "process_kernel_time": 0.224557, "process_mem_max_rss": "155238400", "process_out_blocks": "0", "process_user_time": 0.81159}
[0m19:26:04.364076 [debug] [MainThread]: Command `dbt run` succeeded at 19:26:04.364042 after 0.57 seconds
[0m19:26:04.364227 [debug] [MainThread]: Sending event: {'category': 'dbt', 'action': 'invocation', 'label': 'end', 'context': [<snowplow_tracker.self_describing_json.SelfDescribingJson object at 0x10ea93ee0>, <snowplow_tracker.self_describing_json.SelfDescribingJson object at 0x10d674dd0>, <snowplow_tracker.self_describing_json.SelfDescribingJson object at 0x10ea4dfd0>]}
[0m19:26:04.364367 [debug] [MainThread]: Flushing usage events
[0m19:26:04.491847 [debug] [MainThread]: An error was encountered while trying to flush usage events
[0m19:26:37.678869 [debug] [MainThread]: Sending event: {'category': 'dbt', 'action': 'invocation', 'label': 'start', 'context': [<snowplow_tracker.self_describing_json.SelfDescribingJson object at 0x10a6cf0e0>, <snowplow_tracker.self_describing_json.SelfDescribingJson object at 0x10bc474d0>, <snowplow_tracker.self_describing_json.SelfDescribingJson object at 0x10bc47610>]}


============================== 19:26:37.681575 | c0216955-7aeb-4cd2-9477-603825c3b784 ==============================
[0m19:26:37.681575 [info ] [MainThread]: Running with dbt=1.11.7
[0m19:26:37.681838 [debug] [MainThread]: running dbt with arguments {'warn_error_options': 'WarnErrorOptionsV2(error=[], warn=[], silence=[])', 'profiles_dir': '/Users/arrakis/.dbt', 'log_path': '/Users/arrakis/Documents/Courses/ae_dbt/course/logs', 'cache_selected_only': 'False', 'target_path': 'None', 'no_print': 'None', 'indirect_selection': 'eager', 'fail_fast': 'False', 'log_cache_events': 'False', 'partial_parse': 'True', 'use_experimental_parser': 'False', 'empty': 'False', 'invocation_command': 'dbt run --select src_lististings.sql', 'send_anonymous_usage_stats': 'True', 'quiet': 'False', 'printer_width': '80', 'static_parser': 'True', 'write_json': 'True', 'use_colors': 'True', 'warn_error': 'None', 'version_check': 'True', 'log_format': 'default', 'introspect': 'True', 'debug': 'False'}
[0m19:26:37.959755 [debug] [MainThread]: Snowflake adapter: Setting snowflake.connector to ERROR (file logging only)
[0m19:26:37.960008 [debug] [MainThread]: Snowflake adapter: Setting botocore to ERROR (file logging only)
[0m19:26:37.960152 [debug] [MainThread]: Snowflake adapter: Setting boto3 to ERROR (file logging only)
[0m19:26:38.073569 [debug] [MainThread]: Sending event: {'category': 'dbt', 'action': 'project_id', 'label': 'c0216955-7aeb-4cd2-9477-603825c3b784', 'context': [<snowplow_tracker.self_describing_json.SelfDescribingJson object at 0x10af70770>]}
[0m19:26:38.100690 [debug] [MainThread]: Sending event: {'category': 'dbt', 'action': 'adapter_info', 'label': 'c0216955-7aeb-4cd2-9477-603825c3b784', 'context': [<snowplow_tracker.self_describing_json.SelfDescribingJson object at 0x10cbe29c0>]}
[0m19:26:38.101237 [info ] [MainThread]: Registered adapter: snowflake=1.11.3
[0m19:26:38.152111 [debug] [MainThread]: checksum: b80718358155fc17c3559352095564dd56ada1cc1a1c0ef2e62c857e71583775, vars: {}, profile: , target: , version: 1.11.7
[0m19:26:38.210375 [debug] [MainThread]: Partial parsing enabled: 0 files deleted, 0 files added, 0 files changed.
[0m19:26:38.210552 [debug] [MainThread]: Nothing changed, skipping partial parsing.
[0m19:26:38.210663 [debug] [MainThread]: Partial parsing enabled, no changes found, skipping parsing
[0m19:26:38.210903 [warn ] [MainThread]: [[33mWARNING[0m]: Configuration paths exist in your dbt_project.yml file which do not apply to any resources.
There are 1 unused configuration paths:
- models.airbnb.src
[0m19:26:38.212935 [debug] [MainThread]: Sending event: {'category': 'dbt', 'action': 'load_project', 'label': 'c0216955-7aeb-4cd2-9477-603825c3b784', 'context': [<snowplow_tracker.self_describing_json.SelfDescribingJson object at 0x10cfeda50>]}
[0m19:26:38.230697 [debug] [MainThread]: Wrote artifact WritableManifest to /Users/arrakis/Documents/Courses/ae_dbt/course/target/manifest.json
[0m19:26:38.232030 [debug] [MainThread]: Wrote artifact SemanticManifest to /Users/arrakis/Documents/Courses/ae_dbt/course/target/semantic_manifest.json
[0m19:26:38.243639 [debug] [MainThread]: Sending event: {'category': 'dbt', 'action': 'resource_counts', 'label': 'c0216955-7aeb-4cd2-9477-603825c3b784', 'context': [<snowplow_tracker.self_describing_json.SelfDescribingJson object at 0x10ca2a030>]}
[0m19:26:38.243841 [info ] [MainThread]: Found 522 macros
[0m19:26:38.243976 [debug] [MainThread]: Sending event: {'category': 'dbt', 'action': 'runnable_timing', 'label': 'c0216955-7aeb-4cd2-9477-603825c3b784', 'context': [<snowplow_tracker.self_describing_json.SelfDescribingJson object at 0x10ce9add0>]}
[0m19:26:38.244197 [warn ] [MainThread]: The selection criterion 'src_lististings.sql' does not match any enabled nodes
[0m19:26:38.244637 [warn ] [MainThread]: Nothing to do. Try checking your model configs and model specification args
[0m19:26:38.245412 [debug] [MainThread]: Command end result
[0m19:26:38.263460 [debug] [MainThread]: Wrote artifact WritableManifest to /Users/arrakis/Documents/Courses/ae_dbt/course/target/manifest.json
[0m19:26:38.264489 [debug] [MainThread]: Wrote artifact SemanticManifest to /Users/arrakis/Documents/Courses/ae_dbt/course/target/semantic_manifest.json
[0m19:26:38.266054 [debug] [MainThread]: Wrote artifact RunExecutionResult to /Users/arrakis/Documents/Courses/ae_dbt/course/target/run_results.json
[0m19:26:38.266331 [debug] [MainThread]: Resource report: {"command_name": "run", "command_success": true, "command_wall_clock_time": 0.63290286, "process_in_blocks": "0", "process_kernel_time": 0.235374, "process_mem_max_rss": "155172864", "process_out_blocks": "0", "process_user_time": 0.813929}
[0m19:26:38.266542 [debug] [MainThread]: Command `dbt run` succeeded at 19:26:38.266504 after 0.63 seconds
[0m19:26:38.266688 [debug] [MainThread]: Sending event: {'category': 'dbt', 'action': 'invocation', 'label': 'end', 'context': [<snowplow_tracker.self_describing_json.SelfDescribingJson object at 0x10d0a7ee0>, <snowplow_tracker.self_describing_json.SelfDescribingJson object at 0x10bc90d10>, <snowplow_tracker.self_describing_json.SelfDescribingJson object at 0x10d061fd0>]}
[0m19:26:38.266813 [debug] [MainThread]: Flushing usage events
[0m19:26:38.379985 [debug] [MainThread]: An error was encountered while trying to flush usage events
[0m19:26:59.899174 [debug] [MainThread]: Sending event: {'category': 'dbt', 'action': 'invocation', 'label': 'start', 'context': [<snowplow_tracker.self_describing_json.SelfDescribingJson object at 0x108b330e0>, <snowplow_tracker.self_describing_json.SelfDescribingJson object at 0x10a0ab4d0>, <snowplow_tracker.self_describing_json.SelfDescribingJson object at 0x10a0ab610>]}


============================== 19:26:59.901451 | ba238193-7529-47b7-bb96-63284d361269 ==============================
[0m19:26:59.901451 [info ] [MainThread]: Running with dbt=1.11.7
[0m19:26:59.901714 [debug] [MainThread]: running dbt with arguments {'partial_parse': 'True', 'log_path': '/Users/arrakis/Documents/Courses/ae_dbt/course/logs', 'target_path': 'None', 'fail_fast': 'False', 'invocation_command': 'dbt run --select path:models/src/src_listings.sql', 'introspect': 'True', 'use_experimental_parser': 'False', 'warn_error': 'None', 'write_json': 'True', 'debug': 'False', 'version_check': 'True', 'empty': 'False', 'profiles_dir': '/Users/arrakis/.dbt', 'use_colors': 'True', 'static_parser': 'True', 'quiet': 'False', 'log_format': 'default', 'log_cache_events': 'False', 'printer_width': '80', 'indirect_selection': 'eager', 'send_anonymous_usage_stats': 'True', 'cache_selected_only': 'False', 'warn_error_options': 'WarnErrorOptionsV2(error=[], warn=[], silence=[])', 'no_print': 'None'}
[0m19:27:00.127288 [debug] [MainThread]: Snowflake adapter: Setting snowflake.connector to ERROR (file logging only)
[0m19:27:00.127529 [debug] [MainThread]: Snowflake adapter: Setting botocore to ERROR (file logging only)
[0m19:27:00.127666 [debug] [MainThread]: Snowflake adapter: Setting boto3 to ERROR (file logging only)
[0m19:27:00.235298 [debug] [MainThread]: Sending event: {'category': 'dbt', 'action': 'project_id', 'label': 'ba238193-7529-47b7-bb96-63284d361269', 'context': [<snowplow_tracker.self_describing_json.SelfDescribingJson object at 0x1093d4770>]}
[0m19:27:00.262554 [debug] [MainThread]: Sending event: {'category': 'dbt', 'action': 'adapter_info', 'label': 'ba238193-7529-47b7-bb96-63284d361269', 'context': [<snowplow_tracker.self_describing_json.SelfDescribingJson object at 0x10b0469c0>]}
[0m19:27:00.263150 [info ] [MainThread]: Registered adapter: snowflake=1.11.3
[0m19:27:00.313068 [debug] [MainThread]: checksum: b80718358155fc17c3559352095564dd56ada1cc1a1c0ef2e62c857e71583775, vars: {}, profile: , target: , version: 1.11.7
[0m19:27:00.372479 [debug] [MainThread]: Partial parsing enabled: 0 files deleted, 0 files added, 0 files changed.
[0m19:27:00.372657 [debug] [MainThread]: Nothing changed, skipping partial parsing.
[0m19:27:00.372765 [debug] [MainThread]: Partial parsing enabled, no changes found, skipping parsing
[0m19:27:00.373002 [warn ] [MainThread]: [[33mWARNING[0m]: Configuration paths exist in your dbt_project.yml file which do not apply to any resources.
There are 1 unused configuration paths:
- models.airbnb.src
[0m19:27:00.375004 [debug] [MainThread]: Sending event: {'category': 'dbt', 'action': 'load_project', 'label': 'ba238193-7529-47b7-bb96-63284d361269', 'context': [<snowplow_tracker.self_describing_json.SelfDescribingJson object at 0x10b451a50>]}
[0m19:27:00.392960 [debug] [MainThread]: Wrote artifact WritableManifest to /Users/arrakis/Documents/Courses/ae_dbt/course/target/manifest.json
[0m19:27:00.394318 [debug] [MainThread]: Wrote artifact SemanticManifest to /Users/arrakis/Documents/Courses/ae_dbt/course/target/semantic_manifest.json
[0m19:27:00.404716 [debug] [MainThread]: Sending event: {'category': 'dbt', 'action': 'resource_counts', 'label': 'ba238193-7529-47b7-bb96-63284d361269', 'context': [<snowplow_tracker.self_describing_json.SelfDescribingJson object at 0x10ae8e030>]}
[0m19:27:00.404947 [info ] [MainThread]: Found 522 macros
[0m19:27:00.405097 [debug] [MainThread]: Sending event: {'category': 'dbt', 'action': 'runnable_timing', 'label': 'ba238193-7529-47b7-bb96-63284d361269', 'context': [<snowplow_tracker.self_describing_json.SelfDescribingJson object at 0x10b2fedd0>]}
[0m19:27:00.405392 [warn ] [MainThread]: The selection criterion 'path:models/src/src_listings.sql' does not match any enabled nodes
[0m19:27:00.405933 [warn ] [MainThread]: Nothing to do. Try checking your model configs and model specification args
[0m19:27:00.406740 [debug] [MainThread]: Command end result
[0m19:27:00.414469 [debug] [MainThread]: Wrote artifact WritableManifest to /Users/arrakis/Documents/Courses/ae_dbt/course/target/manifest.json
[0m19:27:00.415502 [debug] [MainThread]: Wrote artifact SemanticManifest to /Users/arrakis/Documents/Courses/ae_dbt/course/target/semantic_manifest.json
[0m19:27:00.423935 [debug] [MainThread]: Wrote artifact RunExecutionResult to /Users/arrakis/Documents/Courses/ae_dbt/course/target/run_results.json
[0m19:27:00.424209 [debug] [MainThread]: Resource report: {"command_name": "run", "command_success": true, "command_wall_clock_time": 0.5743418, "process_in_blocks": "0", "process_kernel_time": 0.234501, "process_mem_max_rss": "155156480", "process_out_blocks": "0", "process_user_time": 0.802923}
[0m19:27:00.424428 [debug] [MainThread]: Command `dbt run` succeeded at 19:27:00.424394 after 0.57 seconds
[0m19:27:00.424575 [debug] [MainThread]: Sending event: {'category': 'dbt', 'action': 'invocation', 'label': 'end', 'context': [<snowplow_tracker.self_describing_json.SelfDescribingJson object at 0x10b50bee0>, <snowplow_tracker.self_describing_json.SelfDescribingJson object at 0x10a0e8dd0>, <snowplow_tracker.self_describing_json.SelfDescribingJson object at 0x10b4c5fd0>]}
[0m19:27:00.424705 [debug] [MainThread]: Flushing usage events
[0m19:27:00.536086 [debug] [MainThread]: An error was encountered while trying to flush usage events
[0m19:28:11.641083 [debug] [MainThread]: Sending event: {'category': 'dbt', 'action': 'invocation', 'label': 'start', 'context': [<snowplow_tracker.self_describing_json.SelfDescribingJson object at 0x10c8d70e0>, <snowplow_tracker.self_describing_json.SelfDescribingJson object at 0x10de4f4d0>, <snowplow_tracker.self_describing_json.SelfDescribingJson object at 0x10de4f610>]}


============================== 19:28:11.643883 | c1b87c91-2d93-4ca0-bea4-075b1135730c ==============================
[0m19:28:11.643883 [info ] [MainThread]: Running with dbt=1.11.7
[0m19:28:11.644142 [debug] [MainThread]: running dbt with arguments {'fail_fast': 'False', 'use_experimental_parser': 'False', 'debug': 'False', 'log_format': 'default', 'quiet': 'False', 'invocation_command': 'dbt run', 'introspect': 'True', 'use_colors': 'True', 'log_path': '/Users/arrakis/Documents/Courses/ae_dbt/course/logs', 'indirect_selection': 'eager', 'cache_selected_only': 'False', 'warn_error': 'None', 'profiles_dir': '/Users/arrakis/Documents/Courses/ae_dbt/course/airbnb', 'log_cache_events': 'False', 'target_path': 'None', 'no_print': 'None', 'version_check': 'True', 'send_anonymous_usage_stats': 'True', 'partial_parse': 'True', 'static_parser': 'True', 'write_json': 'True', 'warn_error_options': 'WarnErrorOptionsV2(error=[], warn=[], silence=[])', 'empty': 'False', 'printer_width': '80'}
[0m19:28:11.939668 [debug] [MainThread]: Snowflake adapter: Setting snowflake.connector to ERROR (file logging only)
[0m19:28:11.939900 [debug] [MainThread]: Snowflake adapter: Setting botocore to ERROR (file logging only)
[0m19:28:11.940032 [debug] [MainThread]: Snowflake adapter: Setting boto3 to ERROR (file logging only)
[0m19:28:11.973773 [warn ] [MainThread]: [[33mWARNING[0m][MissingPlusPrefixDeprecation]: Deprecated functionality
Missing '+' prefix on `airbnb` found at `airbnb` in file
`/Users/arrakis/Documents/Courses/ae_dbt/course/dbt_project.yml`. Hierarchical
config values without a '+' prefix are deprecated in dbt_project.yml.
[0m19:28:11.973998 [debug] [MainThread]: Sending event: {'category': 'dbt', 'action': 'deprecation', 'label': 'c1b87c91-2d93-4ca0-bea4-075b1135730c', 'property_': 'warn', 'context': [<snowplow_tracker.self_describing_json.SelfDescribingJson object at 0x10edade00>]}
[0m19:28:12.056301 [debug] [MainThread]: Sending event: {'category': 'dbt', 'action': 'project_id', 'label': 'c1b87c91-2d93-4ca0-bea4-075b1135730c', 'context': [<snowplow_tracker.self_describing_json.SelfDescribingJson object at 0x10ede6470>]}
[0m19:28:12.083094 [debug] [MainThread]: Sending event: {'category': 'dbt', 'action': 'adapter_info', 'label': 'c1b87c91-2d93-4ca0-bea4-075b1135730c', 'context': [<snowplow_tracker.self_describing_json.SelfDescribingJson object at 0x10ddb4250>]}
[0m19:28:12.083797 [info ] [MainThread]: Registered adapter: snowflake=1.11.3
[0m19:28:12.137180 [debug] [MainThread]: checksum: b80718358155fc17c3559352095564dd56ada1cc1a1c0ef2e62c857e71583775, vars: {}, profile: , target: , version: 1.11.7
[0m19:28:12.153439 [info ] [MainThread]: Unable to do partial parsing because a project config has changed
[0m19:28:12.153666 [debug] [MainThread]: Sending event: {'category': 'dbt', 'action': 'partial_parser', 'label': 'c1b87c91-2d93-4ca0-bea4-075b1135730c', 'context': [<snowplow_tracker.self_describing_json.SelfDescribingJson object at 0x10ec325d0>]}
[0m19:28:12.478922 [warn ] [MainThread]: [[33mWARNING[0m]: Configuration paths exist in your dbt_project.yml file which do not apply to any resources.
There are 1 unused configuration paths:
- models
[0m19:28:12.481327 [debug] [MainThread]: Sending event: {'category': 'dbt', 'action': 'load_project', 'label': 'c1b87c91-2d93-4ca0-bea4-075b1135730c', 'context': [<snowplow_tracker.self_describing_json.SelfDescribingJson object at 0x10f0a2190>]}
[0m19:28:12.499449 [debug] [MainThread]: Wrote artifact WritableManifest to /Users/arrakis/Documents/Courses/ae_dbt/course/target/manifest.json
[0m19:28:12.501156 [debug] [MainThread]: Wrote artifact SemanticManifest to /Users/arrakis/Documents/Courses/ae_dbt/course/target/semantic_manifest.json
[0m19:28:12.516524 [debug] [MainThread]: Sending event: {'category': 'dbt', 'action': 'resource_counts', 'label': 'c1b87c91-2d93-4ca0-bea4-075b1135730c', 'context': [<snowplow_tracker.self_describing_json.SelfDescribingJson object at 0x10f2864e0>]}
[0m19:28:12.516763 [info ] [MainThread]: Found 522 macros
[0m19:28:12.516906 [debug] [MainThread]: Sending event: {'category': 'dbt', 'action': 'runnable_timing', 'label': 'c1b87c91-2d93-4ca0-bea4-075b1135730c', 'context': [<snowplow_tracker.self_describing_json.SelfDescribingJson object at 0x10f26d550>]}
[0m19:28:12.517536 [warn ] [MainThread]: Nothing to do. Try checking your model configs and model specification args
[0m19:28:12.517768 [debug] [MainThread]: Command end result
[0m19:28:12.525787 [debug] [MainThread]: Wrote artifact WritableManifest to /Users/arrakis/Documents/Courses/ae_dbt/course/target/manifest.json
[0m19:28:12.526915 [debug] [MainThread]: Wrote artifact SemanticManifest to /Users/arrakis/Documents/Courses/ae_dbt/course/target/semantic_manifest.json
[0m19:28:12.528657 [debug] [MainThread]: Wrote artifact RunExecutionResult to /Users/arrakis/Documents/Courses/ae_dbt/course/target/run_results.json
[0m19:28:12.528926 [warn ] [MainThread]: [[33mWARNING[0m][DeprecationsSummary]: Deprecated functionality
Summary of encountered deprecations:
- MissingPlusPrefixDeprecation: 1 occurrence
To see all deprecation instances instead of just the first occurrence of each,
run command again with the `--show-all-deprecations` flag. You may also need to
run with `--no-partial-parse` as some deprecations are only encountered during
parsing.
[0m19:28:12.529214 [debug] [MainThread]: Resource report: {"command_name": "run", "command_success": true, "command_wall_clock_time": 0.9388134, "process_in_blocks": "0", "process_kernel_time": 0.25894, "process_mem_max_rss": "156254208", "process_out_blocks": "0", "process_user_time": 1.072894}
[0m19:28:12.529446 [debug] [MainThread]: Command `dbt run` succeeded at 19:28:12.529409 after 0.94 seconds
[0m19:28:12.529593 [debug] [MainThread]: Sending event: {'category': 'dbt', 'action': 'invocation', 'label': 'end', 'context': [<snowplow_tracker.self_describing_json.SelfDescribingJson object at 0x10f3192e0>, <snowplow_tracker.self_describing_json.SelfDescribingJson object at 0x10f327e30>, <snowplow_tracker.self_describing_json.SelfDescribingJson object at 0x10f326cb0>]}
[0m19:28:12.529726 [debug] [MainThread]: Flushing usage events
[0m19:28:12.683329 [debug] [MainThread]: An error was encountered while trying to flush usage events
